id,label
1,0.9999681711196899
2,0.9999874830245972
3,0.9999961853027344
4,0.9999426603317261
5,7.649610051885247e-05
6,0.0001627638703212142
7,0.0001317386340815574
8,0.00014388879935722798
9,3.309972817078233e-05
10,0.0006180086056701839
11,0.0005560536519624293
12,0.9998613595962524
13,4.801771865459159e-05
14,0.18653269112110138
15,1.7284502973780036e-05
16,0.0006668319110758603
17,0.9757685661315918
18,0.9999711513519287
19,5.151654931978555e-06
20,0.000784208532422781
21,0.9991129040718079
22,0.0029031038284301758
23,0.999970555305481
24,0.9965683221817017
25,0.004061256535351276
26,0.9997422099113464
27,0.9996964931488037
28,8.663908374728635e-06
29,0.19775094091892242
30,0.9992955923080444
31,0.9999854564666748
32,0.29011574387550354
33,0.995762288570404
34,3.593377550714649e-05
35,0.0007254525553435087
36,0.00013415813737083226
37,3.5141745229338994e-06
38,0.002172506647184491
39,0.998885452747345
40,0.0027679430786520243
41,0.9999808073043823
42,0.9999868869781494
43,0.9999997615814209
44,0.999447762966156
45,0.0003887785132974386
46,0.999921441078186
47,0.0002202816103817895
48,0.9998749494552612
49,0.9999997615814209
50,0.00042490099440328777
51,5.913840504945256e-05
52,3.9582075260113925e-05
53,0.00041626227903179824
54,0.01233470719307661
55,0.004888900555670261
56,0.9942044615745544
57,0.9999654293060303
58,3.935406857635826e-05
59,0.9956432580947876
60,0.0006575280567631125
61,0.0005152145749889314
62,0.9958480596542358
63,0.000983077916316688
64,0.13396461308002472
65,0.9999809265136719
66,0.9891188144683838
67,0.9998366832733154
68,5.031813634559512e-05
69,0.9997268319129944
70,0.9997751116752625
71,0.9939648509025574
72,0.9995558857917786
73,0.9999799728393555
74,0.9999990463256836
75,0.16861391067504883
76,0.9999654293060303
77,0.9999815225601196
78,0.9999072551727295
79,0.9979569911956787
80,0.00031714694341644645
81,0.0027960259467363358
82,3.448794814175926e-05
83,0.9999996423721313
84,0.0039448970928788185
85,0.9999157190322876
86,0.9995648264884949
87,0.9999830722808838
88,0.9990604519844055
89,4.966307460563257e-05
90,0.3810594081878662
91,0.0008124587475322187
92,6.707842112518847e-05
93,0.0001882029027910903
94,0.9999998807907104
95,0.9999780654907227
96,1.9466499452391872e-06
97,0.9999879598617554
98,0.991912841796875
99,0.00034073684946633875
100,0.15337064862251282
101,0.024363594129681587
102,0.9998999834060669
103,2.6972953492077067e-05
104,0.0015363445272669196
105,0.9813115000724792
106,0.9999394416809082
107,0.00033358714426867664
108,0.005169256124645472
109,0.9994834661483765
110,0.9999861717224121
111,0.9999481439590454
112,0.9991748929023743
113,0.9998641014099121
114,0.0001397735468344763
115,0.0002481141418684274
116,6.0000253142789006e-05
117,0.0005869214655831456
118,0.9999096393585205
119,0.9999902248382568
120,0.01266766432672739
121,0.13545361161231995
122,4.120313406019704e-06
123,0.010498518124222755
124,3.154495789203793e-05
125,0.0762123391032219
126,0.8061460852622986
127,0.9999935626983643
128,6.3263105403166264e-06
129,6.595079867111053e-06
130,0.9978346228599548
131,0.9997947812080383
132,0.9999097585678101
133,0.003729111747816205
134,0.00016278031398542225
135,1.4346613170346245e-05
136,4.698955763160484e-06
137,0.9999946355819702
138,0.711124837398529
139,0.006686754524707794
140,0.012662827968597412
141,0.00010496661707293242
142,0.9996397495269775
143,0.9999653100967407
144,0.04280499741435051
145,0.00022917565365787596
146,0.9999953508377075
147,0.9998101592063904
148,0.1878993809223175
149,1.298117967962753e-05
150,0.010888191871345043
151,0.995758593082428
152,0.0022082929499447346
153,0.00014445588749367744
154,0.0003215600736439228
155,0.999957799911499
156,4.852027996093966e-05
157,0.00012962354230694473
158,0.9976274371147156
159,0.9999971389770508
160,0.9999942779541016
161,0.0005565899191424251
162,7.702643779339269e-05
163,1.75695531652309e-05
164,0.9998158812522888
165,0.019199855625629425
166,0.018875911831855774
167,0.9957477450370789
168,2.4583818230894394e-05
169,8.424040629506635e-07
170,0.0002152014203602448
171,0.06520630419254303
172,0.997294008731842
173,0.9900680780410767
174,3.440516593400389e-05
175,0.9999797344207764
176,0.9989081621170044
177,0.9999966621398926
178,0.9999918937683105
179,0.9597522616386414
180,0.0003450948861427605
181,0.9999879598617554
182,0.9998756647109985
183,6.673923780908808e-05
184,0.003668139223009348
185,0.0022802806925028563
186,0.000674640410579741
187,0.00014528317842632532
188,2.576252427388681e-06
189,0.057680558413267136
190,0.9999634027481079
191,7.089212886057794e-05
192,0.005343534518033266
193,0.00019970949506387115
194,1.2569935279316269e-05
195,0.9928223490715027
196,0.9982808828353882
197,0.5641244053840637
198,0.0005208703223615885
199,0.9997550845146179
200,0.8615636229515076
201,0.9999908208847046
202,0.00011242443724768236
203,0.9999963045120239
204,0.999995231628418
205,6.112317805673229e-06
206,0.0013694277731701732
207,0.9999591112136841
208,0.006164646241813898
209,0.012111741118133068
210,4.216032721160445e-06
211,0.9996242523193359
212,0.9999991655349731
213,0.5933648943901062
214,0.9980323910713196
215,0.999969482421875
216,0.9998409748077393
217,0.9999885559082031
218,0.0002190601226175204
219,0.9999039173126221
220,0.9999016523361206
221,0.29918020963668823
222,0.9997233748435974
223,0.9999915361404419
224,4.330509455030551e-06
225,0.9999309778213501
226,0.9998314380645752
227,0.9998846054077148
228,0.00046475810813717544
229,0.9999997615814209
230,0.12519484758377075
231,0.9999673366546631
232,0.38223278522491455
233,7.376171561190858e-05
234,0.0003492962277960032
235,0.9999442100524902
236,0.9651755690574646
237,6.451956141972914e-05
238,0.9975641965866089
239,3.882414603140205e-05
240,0.9993973970413208
241,0.9999544620513916
242,0.9999961853027344
243,0.0009825918823480606
244,0.9962932467460632
245,0.9999886751174927
246,0.25139540433883667
247,0.999800980091095
248,2.7486998078529723e-05
249,0.12860219180583954
250,0.9999998807907104
251,0.9999998807907104
252,6.380864192578883e-07
253,0.9999836683273315
254,0.0018547165673226118
255,0.19334371387958527
256,0.00028750658384524286
257,0.9981665015220642
258,0.9999895095825195
259,0.000772816885728389
260,0.0001392693375237286
261,0.00022110353165771812
262,0.9986153841018677
263,0.00011494937643874437
264,0.0003807289176620543
265,0.9999359846115112
266,4.462540346139576e-06
267,4.330509455030551e-06
268,1.0620154171192553e-05
269,0.998375654220581
270,0.9999990463256836
271,0.9996808767318726
272,4.945720138493925e-05
273,0.9987865090370178
274,1.2599180990946479e-05
275,0.01923929713666439
276,0.9999966621398926
277,0.9980410933494568
278,0.00046649822616018355
279,0.00011795158206950873
280,0.9999641180038452
281,0.9874873161315918
282,0.9999995231628418
283,0.0015717878704890609
284,0.9999876022338867
285,9.354657959192991e-05
286,0.9999980926513672
287,2.221959505277482e-07
288,0.006699245423078537
289,0.9999955892562866
290,8.4631064964924e-06
291,0.00020964548457413912
292,0.9998602867126465
293,0.9995054006576538
294,0.20293331146240234
295,0.0003726789145730436
296,0.9999985694885254
297,0.9999724626541138
298,0.9958796501159668
299,0.9999582767486572
300,0.0001714049285510555
301,0.00011200071458006278
302,8.853858162183315e-05
303,0.00011003593681380153
304,2.6884888484346448e-06
305,0.0018850653432309628
306,0.999880313873291
307,0.9993094205856323
308,0.0013970143627375364
309,0.00012931934907101095
310,0.003610346233472228
311,0.0005128295160830021
312,0.5415357947349548
313,0.002416747622191906
314,0.0023840339854359627
315,0.9999980926513672
316,0.08774226158857346
317,0.9986397624015808
318,0.000203038624022156
319,0.9998314380645752
320,0.00011866230488521978
321,0.000217944267205894
322,0.9988798499107361
323,0.003045908408239484
324,1.3564935215981677e-05
325,0.9981552958488464
326,0.9999480247497559
327,0.9739640355110168
328,0.9999985694885254
329,4.971221642335877e-05
330,0.02391182817518711
331,0.5389008522033691
332,0.8684735894203186
333,0.9999939203262329
334,0.0003724407870322466
335,3.703738912008703e-05
336,0.007825934328138828
337,0.9999998807907104
338,0.008051649667322636
339,2.744644916674588e-05
340,5.445870556286536e-06
341,0.0017063990235328674
342,2.0421073259058176e-06
343,0.021766141057014465
344,0.17647039890289307
345,0.08099670708179474
346,0.9999266862869263
347,0.00010973990720231086
348,0.9999985694885254
349,0.0028435762505978346
350,0.999995231628418
351,0.00014666185597889125
352,0.999434769153595
353,0.9992796778678894
354,0.9502196907997131
355,0.9989570379257202
356,0.9993438124656677
357,2.5582512535038404e-05
358,0.9994632601737976
359,0.0031488665845245123
360,0.0010748319327831268
361,0.9993112087249756
362,0.05053780972957611
363,0.9999983310699463
364,4.2511721403570846e-05
365,0.9957464337348938
366,0.999972939491272
367,0.9993547797203064
368,0.9999943971633911
369,0.9999648332595825
370,0.9999948740005493
371,0.9998167157173157
372,1.5433353155458462e-06
373,0.9999861717224121
374,0.000160373849212192
375,0.9999278783798218
376,0.00013105079415254295
377,0.9964902997016907
378,5.152946869202424e-06
379,0.9999351501464844
380,0.32268214225769043
381,0.9956075549125671
382,0.10808658599853516
383,0.9999977350234985
384,0.9999985694885254
385,0.9999868869781494
386,9.902185411192477e-06
387,0.009640856646001339
388,2.151293483620975e-05
389,0.9999736547470093
390,0.07611405104398727
391,0.07492338120937347
392,0.9253947138786316
393,0.005296415649354458
394,0.9999663829803467
395,0.9997318387031555
396,0.0383889377117157
397,0.9999483823776245
398,0.0008759917109273374
399,0.9999934434890747
400,0.9874376654624939
401,0.9999948740005493
402,4.6177610784070566e-05
403,0.9970933198928833
404,1.2429121852619573e-05
405,0.9999731779098511
406,0.9999628067016602
407,0.03250891715288162
408,0.0037807023618370295
409,0.009260585531592369
410,0.00045650347601622343
411,0.9993441700935364
412,0.9999591112136841
413,0.9999446868896484
414,0.00013101119839120656
415,0.999958872795105
416,0.00016245763981714845
417,0.9999229907989502
418,0.9998145699501038
419,0.9990969896316528
420,0.9999674558639526
421,0.9997928738594055
422,0.9999816417694092
423,0.9998438358306885
424,0.9999912977218628
425,0.9998207688331604
426,6.972759729251266e-05
427,0.8563305139541626
428,0.0038446870166808367
429,0.9999998807907104
430,0.9999336004257202
431,0.9998364448547363
432,5.0750066293403506e-05
433,0.9998406171798706
434,0.06556138396263123
435,0.9996129870414734
436,0.05061734467744827
437,1.7741662304615602e-05
438,0.7493835687637329
439,0.9999865293502808
440,0.9789946675300598
441,0.0013410334940999746
442,0.00314281671307981
443,0.9999706745147705
444,0.0036909342743456364
445,0.00010730576468631625
446,0.999954342842102
447,4.0057806472759694e-05
448,0.0011652635876089334
449,0.00026397849433124065
450,0.9999306201934814
451,0.001084426767192781
452,0.9954009652137756
453,0.9999972581863403
454,0.00015356797666754574
455,0.003574302652850747
456,0.0004698448465205729
457,0.9986156225204468
458,0.0029076572973281145
459,0.9997568726539612
460,0.9915831685066223
461,0.4135160744190216
462,3.087913864874281e-05
463,0.9999083280563354
464,7.494936289731413e-05
465,0.0001654398365644738
466,0.9998562335968018
467,0.9999897480010986
468,0.0007114913314580917
469,0.999911904335022
470,0.9999531507492065
471,3.0646101549791638e-06
472,0.9994651675224304
473,0.999815046787262
474,0.9974992871284485
475,0.9998719692230225
476,3.324841964058578e-05
477,0.0007889764965511858
478,1.4437087884289213e-05
479,0.9999239444732666
480,0.9943865537643433
481,0.9999046325683594
482,0.9999969005584717
483,0.9322608709335327
484,0.00020774795848410577
485,0.9995830655097961
486,0.999997615814209
487,0.34668341279029846
488,7.077418558765203e-05
489,0.4562181830406189
490,0.999841570854187
491,0.999990701675415
492,0.0049909502267837524
493,0.0029400091152638197
494,0.010185601189732552
495,0.9972666501998901
496,0.9999672174453735
497,5.612900713458657e-05
498,0.9998866319656372
499,0.9999433755874634
500,0.0010902314679697156
501,0.9986913800239563
502,2.2245716536417603e-05
503,0.9999701976776123
504,4.0031074604485184e-05
505,0.0018395844381302595
506,1.838627395045478e-05
507,0.9999994039535522
508,0.9993754029273987
509,0.999985933303833
510,0.9999858140945435
511,0.9999600648880005
512,3.097144508501515e-05
513,0.9999799728393555
514,0.0017558919498696923
515,0.9987916350364685
516,0.999998927116394
517,0.9999951124191284
518,0.9960427284240723
519,8.222596989071462e-06
520,1.3021749509789515e-05
521,0.9999963045120239
522,0.00029770378023386
523,0.9999955892562866
524,0.39316800236701965
525,0.00012557365698739886
526,1.3265439520182554e-05
527,0.8803576231002808
528,0.9999978542327881
529,8.4886938566342e-05
530,8.063158929871861e-06
531,0.9649338722229004
532,0.2040175199508667
533,3.994367943960242e-05
534,0.9996734857559204
535,0.00012466430780477822
536,0.9999994039535522
537,0.0001189949907711707
538,0.00031587688135914505
539,0.0015847227768972516
540,0.9998385906219482
541,2.2850402103813394e-07
542,0.9997087121009827
543,3.0451235488726525e-07
544,0.11643214523792267
545,0.9999997615814209
546,0.03426505997776985
547,0.9999997615814209
548,0.9973253011703491
549,4.6230838051997125e-05
550,0.0038710767403244972
551,0.05982256308197975
552,0.9999915361404419
553,0.026252545416355133
554,0.01771966740489006
555,0.9999624490737915
556,0.00024297625350300223
557,0.9971063733100891
558,0.9993563294410706
559,0.999790608882904
560,0.9998886585235596
561,0.00018350982281845063
562,5.3647803724743426e-05
563,9.202331057167612e-06
564,0.016848744824528694
565,0.999854564666748
566,0.03968667984008789
567,0.00045938455150462687
568,0.9999608993530273
569,0.9984567165374756
570,1.1221680324524641e-05
571,0.9937719702720642
572,0.0034137049224227667
573,0.04984251782298088
574,0.9999781847000122
575,0.012534694746136665
576,0.16903725266456604
577,2.5116081815212965e-05
578,7.629001629538834e-05
579,1.8568014638731256e-05
580,0.0009939668234437704
581,0.9999959468841553
582,0.999842643737793
583,0.0008184353937394917
584,0.34579038619995117
585,0.9999589920043945
586,0.00025014550192281604
587,3.882385135511868e-05
588,0.0015161156188696623
589,8.168589374690782e-06
590,0.9999502897262573
591,0.9996465444564819
592,0.0002661883772816509
593,0.9998428821563721
594,0.9999637603759766
595,0.9995155334472656
596,0.003445671871304512
597,0.9962173104286194
598,0.07992590218782425
599,2.6726225769380108e-05
600,3.620851202867925e-05
601,0.9974462985992432
602,0.045520514249801636
603,0.004727375227957964
604,0.0011133304797112942
605,2.6789323328557657e-06
606,0.004956183023750782
607,0.9990527033805847
608,0.9999579191207886
609,8.797122973192018e-06
610,0.9999312162399292
611,5.624573532259092e-06
612,0.9964427351951599
613,0.0003601628413889557
614,0.0006546729127876461
615,1.4044609088159632e-05
616,0.9999098777770996
617,0.9999996423721313
618,0.00015333708142861724
619,0.004028668627142906
620,0.9980552196502686
621,5.636850619339384e-05
622,3.238824137952179e-05
623,0.0018865374149754643
624,6.464174657594413e-05
625,0.002660417929291725
626,0.9997724890708923
627,0.00023664675245527178
628,5.969747235212708e-06
629,0.954779863357544
630,0.999991774559021
631,0.9999865293502808
632,0.9998775720596313
633,0.9999953508377075
634,6.4107421167136636e-06
635,0.13178935647010803
636,0.9919577836990356
637,0.9995593428611755
638,4.23371284341556e-06
639,2.0678015062003396e-05
640,0.0013842354528605938
641,0.9997995495796204
642,0.0011012008180841804
643,0.9999991655349731
644,0.9997683167457581
645,0.00504288962110877
646,0.01781843602657318
647,0.0002170384832425043
648,0.001517492695711553
649,0.0009408390033058822
650,0.9999760389328003
651,0.9998494386672974
652,0.9999103546142578
653,0.029934832826256752
654,0.9999980926513672
655,0.9999459981918335
656,0.9999377727508545
657,0.9999700784683228
658,0.9999892711639404
659,0.00029652423108927906
660,7.02714146427752e-07
661,0.999995231628418
662,3.9024522266117856e-05
663,9.757685620570555e-05
664,0.0013079807395115495
665,0.00010160706733586267
666,0.006558818742632866
667,0.9998030066490173
668,0.9876870512962341
669,0.9999996423721313
670,0.999972939491272
671,0.00020005388068966568
672,1.6967371266218834e-05
673,2.620415762066841e-05
674,0.0015572491101920605
675,0.8725274205207825
676,0.9992867112159729
677,0.0051711564883589745
678,0.5813668966293335
679,0.9999265670776367
680,6.49438879918307e-05
681,0.9997592568397522
682,1.6907881217775866e-05
683,8.283737770398147e-06
684,0.99988853931427
685,0.997368574142456
686,0.9997023940086365
687,0.9999650716781616
688,0.9992645382881165
689,0.00010737116099335253
690,0.497004896402359
691,0.9999310970306396
692,0.0002056329685728997
693,0.919251561164856
694,0.943552553653717
695,0.9999897480010986
696,7.849147368688136e-05
697,0.15764673054218292
698,0.004052104894071817
699,0.00014085823204368353
700,0.9997888207435608
701,0.010958057828247547
702,0.0011971553321927786
703,1.1257781807216816e-05
704,0.0034679670352488756
705,0.9790326356887817
706,0.9999994039535522
707,0.9999862909317017
708,0.9999390840530396
709,0.9999942779541016
710,0.9803479313850403
711,0.014531980268657207
712,0.9999141693115234
713,0.9999814033508301
714,0.001082812319509685
715,1.0
716,0.46767106652259827
717,0.0013938359916210175
718,0.9999641180038452
719,0.9980230331420898
720,0.005333986133337021
721,0.03674672544002533
722,0.0004899874911643565
723,0.9992222785949707
724,0.9606620073318481
725,0.9999990463256836
726,0.0009787854505702853
727,0.9971669316291809
728,1.828013228077907e-05
729,0.007294935639947653
730,0.9999816417694092
731,0.9998237490653992
732,0.9999147653579712
733,0.00015663084923289716
734,0.00036523956805467606
735,0.9995077848434448
736,0.9970545768737793
737,4.160475145909004e-05
738,0.9999997615814209
739,0.9950422048568726
740,0.016343072056770325
741,0.1614871770143509
742,0.9999840259552002
743,0.9929064512252808
744,0.46164026856422424
745,0.9999744892120361
746,0.9997958540916443
747,0.9995179176330566
748,0.05850490555167198
749,5.497041638591327e-05
750,0.9999814033508301
751,0.017327599227428436
752,0.999962329864502
753,2.9352127967285924e-05
754,6.243163170438493e-06
755,0.00019204395357519388
756,0.1489565074443817
757,0.9999970197677612
758,3.873591140290955e-06
759,0.0006152220303192735
760,0.9961129426956177
761,0.9999997615814209
762,0.004423648118972778
763,0.9999582767486572
764,0.07604742795228958
765,0.9999938011169434
766,0.9986360669136047
767,0.9999947547912598
768,0.9998314380645752
769,0.9997673630714417
770,0.9446529746055603
771,0.0010222664568573236
772,0.01212637685239315
773,0.9999678134918213
774,0.0005860681412741542
775,6.058328835933935e-06
776,0.627895712852478
777,0.9999097585678101
778,0.12347815185785294
779,0.9999935626983643
780,0.9999988079071045
781,0.9996370077133179
782,0.0038340825121849775
783,0.9996844530105591
784,0.999861478805542
785,1.894320666906424e-05
786,0.9999418258666992
787,0.0011611671652644873
788,0.007947049103677273
789,0.9999814033508301
790,0.9999048709869385
791,0.9999649524688721
792,0.9999576807022095
793,0.9948312640190125
794,0.9861752390861511
795,0.0010026838863268495
796,0.18765246868133545
797,0.988436222076416
798,0.9998902082443237
799,1.903414522530511e-05
800,0.9999901056289673
801,0.02432148903608322
802,0.4049181342124939
803,0.047914937138557434
804,1.6170465642062481e-06
805,0.9995177984237671
806,0.9999983310699463
807,0.9999972581863403
808,0.904087483882904
809,0.9999744892120361
810,0.9959217309951782
811,0.02190276049077511
812,0.9999995231628418
813,0.33419036865234375
814,0.9995218515396118
815,0.9999138116836548
816,0.9997994303703308
817,0.003141680033877492
818,0.9997329115867615
819,0.999993085861206
820,0.0014844425022602081
821,0.9993243217468262
822,0.0005293588619679213
823,0.9999998807907104
824,3.7403944588731974e-05
825,5.708365279133432e-06
826,0.9999984502792358
827,7.720042958681006e-06
828,0.9999905824661255
829,0.9997722506523132
830,0.0010297672124579549
831,0.0019332984229549766
832,0.9999914169311523
833,0.9999315738677979
834,0.999818742275238
835,0.9999997615814209
836,1.680277091509197e-05
837,0.9999849796295166
838,0.00028112693689763546
839,0.9947667121887207
840,0.008205502294003963
841,0.00012285637785680592
842,0.9994876384735107
843,0.6753436326980591
844,0.9942963719367981
845,0.9994065761566162
846,0.9992069602012634
847,0.0036982304882258177
848,0.9999488592147827
849,0.0006612129509449005
850,0.00028959428891539574
851,0.9719710946083069
852,9.365080586576369e-06
853,0.9988260865211487
854,0.9999960660934448
855,3.585525121252431e-07
856,0.00024140096502378583
857,0.9980289340019226
858,0.9984449744224548
859,9.24208652577363e-05
860,2.0546078303596005e-05
861,0.999997615814209
862,0.9998311996459961
863,0.9999756813049316
864,0.9999974966049194
865,0.9999970197677612
866,0.9998973608016968
867,0.0002049570466624573
868,0.09542840719223022
869,0.05269142985343933
870,0.9996689558029175
871,0.9997363686561584
872,0.0006891647935844958
873,0.9999653100967407
874,0.9999496936798096
875,1.6873360436875373e-05
876,0.9999998807907104
877,3.100664616795257e-05
878,0.9622541069984436
879,0.9914262294769287
880,0.00017434023902751505
881,0.01149748358875513
882,0.9999991655349731
883,0.9998496770858765
884,0.9999932050704956
885,0.46540775895118713
886,0.001955560874193907
887,0.999794065952301
888,0.00014570480561815202
889,9.313091868534684e-05
890,0.9354477524757385
891,0.9179865717887878
892,0.9964696168899536
893,0.9999995231628418
894,0.001292843371629715
895,0.6479650139808655
896,0.020253479480743408
897,0.00025416412972845137
898,0.00047886522952467203
899,0.9999996423721313
900,0.99994957447052
901,0.999506950378418
902,0.0038457228802144527
903,0.9988933205604553
904,0.9999699592590332
905,3.2310439564753324e-05
906,0.0012995321303606033
907,0.9998610019683838
908,0.9999023675918579
909,0.040958620607852936
910,9.083210170501843e-05
911,0.0030110892839729786
912,0.9993811845779419
913,0.978179395198822
914,0.1486397534608841
915,0.9828080534934998
916,0.9987339377403259
917,0.0011112828506156802
918,0.9999412298202515
919,0.007533777039498091
920,0.0004459026677068323
921,6.410311925719725e-07
922,0.9997473359107971
923,0.9999997615814209
924,0.0027734055183827877
925,2.971411277030711e-07
926,0.00016642585978843272
927,0.0002899249957408756
928,2.2649532184004784e-05
929,0.06528880447149277
930,0.9999982118606567
931,0.00018515493138693273
932,0.005946737714111805
933,0.0003091870457865298
934,0.6389234066009521
935,0.9996778964996338
936,0.6287473440170288
937,0.05633218586444855
938,0.00039702304638922215
939,0.9768878221511841
940,0.9995585083961487
941,0.00045753069571219385
942,3.601786374929361e-05
943,0.9323980212211609
944,0.9825360774993896
945,0.9982025623321533
946,0.9999914169311523
947,0.0037323711439967155
948,0.006526161450892687
949,0.9996718168258667
950,0.9989894032478333
951,1.2881057045888156e-05
952,1.53719538502628e-05
953,0.9999330043792725
954,0.4132450819015503
955,0.9997748732566833
956,0.9999991655349731
957,0.9998270869255066
958,0.9999632835388184
959,0.007249295711517334
960,0.9999560117721558
961,0.00535607198253274
962,0.9999929666519165
963,0.9972984194755554
964,0.002855180064216256
965,3.105082214460708e-05
966,0.999438464641571
967,3.5880193536286242e-06
968,0.999904990196228
969,0.999647855758667
970,0.9999924898147583
971,0.650554358959198
972,0.9853866100311279
973,0.1616358906030655
974,0.9999990463256836
975,4.32917004218325e-05
976,0.0028158912900835276
977,0.05865676701068878
978,0.0010061892680823803
979,0.9999096393585205
980,0.9997782111167908
981,0.9999994039535522
982,0.9955300688743591
983,0.9998094439506531
984,0.9899719953536987
985,0.00547064421698451
986,0.0003135465085506439
987,0.0002559810527600348
988,0.0002447727310936898
989,0.9998373985290527
990,2.8600901714526117e-05
991,0.0004519915673881769
992,0.9997037053108215
993,0.9809080362319946
994,2.0341983599792e-06
995,0.9508305191993713
996,4.279919448890723e-05
997,0.9998916387557983
998,0.9999613761901855
999,0.0014436623314395547
1000,0.9976995587348938
1001,2.260602923342958e-05
1002,0.9999982118606567
1003,0.9999808073043823
1004,0.9999853372573853
1005,0.0002229533129138872
1006,0.999828577041626
1007,0.9999949932098389
1008,1.0382752407167573e-05
1009,0.9999837875366211
1010,0.9976649284362793
1011,0.00037459630402736366
1012,0.9918497800827026
1013,2.2106056349002756e-05
1014,0.9999998807907104
1015,1.3096697330183815e-05
1016,0.9141476154327393
1017,0.010954750701785088
1018,0.9997703433036804
1019,0.9999905824661255
1020,0.0002218664885731414
1021,0.013720597140491009
1022,3.0219759992178297e-06
1023,0.002158107701689005
1024,0.0012796912342309952
1025,6.026785968060722e-07
1026,0.08515263348817825
1027,3.1352333280665334e-06
1028,0.026179354637861252
1029,2.948182009276934e-05
1030,7.186115544755012e-05
1031,0.0003455393307376653
1032,0.13596411049365997
1033,0.9887791872024536
1034,0.9908124804496765
1035,0.0001694913808023557
1036,0.9900586009025574
1037,0.9992820620536804
1038,0.9990910291671753
1039,0.00021465613099280745
1040,0.9999911785125732
1041,0.001384979928843677
1042,0.91072016954422
1043,9.31290014705155e-06
1044,0.9892969727516174
1045,0.0030859564431011677
1046,0.02794140763580799
1047,0.0018407212337478995
1048,0.999984622001648
1049,4.1630988562246785e-05
1050,0.00010491328430362046
1051,0.0015584242064505816
1052,0.9999949932098389
1053,0.9999297857284546
1054,0.999575674533844
1055,0.7817442417144775
1056,0.9959598183631897
1057,0.9985617995262146
1058,0.9999856948852539
1059,0.9999783039093018
1060,0.006349390838295221
1061,9.46103591559222e-06
1062,3.1933279842633056e-06
1063,3.097725766565418e-06
1064,0.0017885970883071423
1065,0.00016873043205123395
1066,0.9999507665634155
1067,0.9999880790710449
1068,0.9999251365661621
1069,0.046714574098587036
1070,0.9998204112052917
1071,0.0008068114402703941
1072,0.9172739386558533
1073,2.803708048304543e-05
1074,0.9948523640632629
1075,0.9999483823776245
1076,0.0003779319522436708
1077,0.741199791431427
1078,0.0373384989798069
1079,0.9939671754837036
1080,0.9999909400939941
1081,0.9993554949760437
1082,0.9994094371795654
1083,0.9999575614929199
1084,0.0003609510022215545
1085,0.4063541293144226
1086,0.999958872795105
1087,0.9856361150741577
1088,0.00034296372905373573
1089,0.9999978542327881
1090,0.0016999834915623069
1091,0.999574601650238
1092,0.15059803426265717
1093,0.9979181885719299
1094,0.9999990463256836
1095,0.9994031190872192
1096,0.867111086845398
1097,4.793024345417507e-05
1098,0.045818060636520386
1099,0.0007639218238182366
1100,0.999974250793457
1101,0.996183454990387
1102,0.0003825782332569361
1103,0.0029339641332626343
1104,0.0011754401493817568
1105,0.9301291704177856
1106,0.9301949739456177
1107,6.281175046751741e-06
1108,0.9980359673500061
1109,0.0009498377330601215
1110,4.9158483307110146e-05
1111,8.550233906134963e-05
1112,3.845639639621368e-06
1113,4.866969902650453e-06
1114,0.9994049072265625
1115,0.9998487234115601
1116,0.9952163696289062
1117,0.0006546111544594169
1118,0.00011300569894956425
1119,2.354300022489042e-06
1120,0.0010123284300789237
1121,0.9999902248382568
1122,0.9999836683273315
1123,1.3272690011945087e-05
1124,0.0015747681027278304
1125,0.00016215199138969183
1126,0.003686647629365325
1127,2.1617981929011876e-06
1128,0.0015842763241380453
1129,0.5142078995704651
1130,0.7363912463188171
1131,0.9983976483345032
1132,0.0006591398268938065
1133,0.01993032917380333
1134,0.0007571252062916756
1135,0.0007213156204670668
1136,0.999997615814209
1137,0.006852153688669205
1138,1.1576267752388958e-05
1139,0.07827121764421463
1140,0.0007610443863086402
1141,0.0007193146739155054
1142,0.0010109426220878959
1143,0.01057710312306881
1144,0.9997891783714294
1145,0.9994506239891052
1146,0.9999765157699585
1147,0.9999990463256836
1148,0.0002671611728146672
1149,0.9998666048049927
1150,0.039075084030628204
1151,0.9999737739562988
1152,1.3047804714005906e-05
1153,1.2305518794164527e-05
1154,0.9969148635864258
1155,0.9999510049819946
1156,6.788250630052062e-06
1157,0.9985483288764954
1158,0.9999834299087524
1159,1.0169949746341445e-05
1160,5.400201916927472e-05
1161,0.0051811677403748035
1162,4.994076516595669e-05
1163,0.010270540602505207
1164,0.0005872709443792701
1165,0.8757491707801819
1166,0.9988335967063904
1167,0.9907625317573547
1168,4.45185651187785e-05
1169,0.8403987884521484
1170,0.9949696660041809
1171,0.0006765007856301963
1172,0.9999816417694092
1173,0.9993584752082825
1174,0.9999686479568481
1175,0.9998167157173157
1176,3.4647633583517745e-05
1177,0.019181957468390465
1178,0.00010287231270922348
1179,0.9998499155044556
1180,0.9999783039093018
1181,0.2041826695203781
1182,0.999962329864502
1183,0.9648923277854919
1184,0.9999808073043823
1185,5.70513248021598e-06
1186,0.9994839429855347
1187,0.003583338810130954
1188,0.9994070529937744
1189,0.9596572518348694
1190,0.6396414041519165
1191,0.9999996423721313
1192,0.09872420877218246
1193,2.4679657144588418e-05
1194,0.00021373017807491124
1195,0.9999346733093262
1196,0.04250575229525566
1197,0.9998056292533875
1198,0.00490525271743536
1199,0.017063701525330544
1200,0.9999762773513794
1201,0.9999943971633911
1202,8.449776032648515e-06
1203,0.9991487264633179
1204,0.0002072225179290399
1205,0.9997370839118958
1206,0.26323193311691284
1207,0.9998133778572083
1208,1.837879062804859e-05
1209,5.190276169741992e-06
1210,0.9999725818634033
1211,0.9998003840446472
1212,0.00018108662334270775
1213,4.23756027885247e-05
1214,0.9999333620071411
1215,0.999874472618103
1216,0.9999905824661255
1217,0.9998691082000732
1218,8.826563134789467e-05
1219,0.9999972581863403
1220,7.43814671295695e-05
1221,0.02898002602159977
1222,0.9978252649307251
1223,0.9899975657463074
1224,0.9999438524246216
1225,9.225488611264154e-05
1226,5.437588242784841e-06
1227,0.9999725818634033
1228,0.003300509648397565
1229,0.00021292264864314348
1230,1.3483939937941614e-06
1231,0.2695470154285431
1232,0.9999209642410278
1233,2.0495626813499257e-05
1234,0.0001064042080543004
1235,0.9996097683906555
1236,0.9823570251464844
1237,0.9999866485595703
1238,0.9980024695396423
1239,0.00032507054856978357
1240,0.0011691002873703837
1241,0.9999550580978394
1242,0.9999969005584717
1243,0.0011116649257019162
1244,2.3857528503867798e-05
1245,0.9837788939476013
1246,0.0002585306647233665
1247,4.115313640795648e-05
1248,0.9996250867843628
1249,2.3709379092906602e-05
1250,0.9988144636154175
1251,0.035884711891412735
1252,0.00013619233504869044
1253,0.9993866682052612
1254,0.00015913117385935038
1255,0.010755273513495922
1256,0.00023231908562593162
1257,0.9997912049293518
1258,0.0010325565235689282
1259,2.17907945625484e-05
1260,0.00010908419790212065
1261,0.999993085861206
1262,0.00013707412290386856
1263,0.9731398820877075
1264,2.058369318547193e-05
1265,0.0005802366649731994
1266,3.505927816149779e-05
1267,0.651183545589447
1268,5.3647039749193937e-05
1269,0.9866053462028503
1270,6.028757297826814e-07
1271,0.9997454285621643
1272,0.9999915361404419
1273,0.9997003078460693
1274,0.0010420047910884023
1275,0.9999971389770508
1276,0.9999785423278809
1277,7.965543773025274e-06
1278,0.001568643026985228
1279,0.9996067881584167
1280,0.9999982118606567
1281,8.094239456113428e-05
1282,0.01980888843536377
1283,0.9999735355377197
1284,0.9984428286552429
1285,1.8131668184651062e-05
1286,0.9999852180480957
1287,0.00039413728518411517
1288,4.055077806697227e-05
1289,0.9999992847442627
1290,0.9997382760047913
1291,0.08796874433755875
1292,0.7030448317527771
1293,6.022772140568122e-05
1294,0.9999016523361206
1295,0.0007650436018593609
1296,0.002411125460639596
1297,0.0009317948133684695
1298,0.04974332079291344
1299,4.2514035158092156e-05
1300,7.776253596603055e-08
1301,0.9999979734420776
1302,0.0006251020822674036
1303,0.00024472185759805143
1304,0.9216930866241455
1305,0.9999043941497803
1306,0.9999961853027344
1307,2.1337662303722027e-08
1308,0.9995716214179993
1309,0.003964218311011791
1310,0.0009107122314162552
1311,0.22407838702201843
1312,0.9996803998947144
1313,0.01485274825245142
1314,0.9880509376525879
1315,0.9998373985290527
1316,0.0003294823400210589
1317,0.9996479749679565
1318,0.9999164342880249
1319,0.9883384704589844
1320,0.003923771902918816
1321,5.0033049774356186e-05
1322,0.0001963377872016281
1323,0.00032823518267832696
1324,0.0010457966709509492
1325,0.21149183809757233
1326,0.008551831357181072
1327,0.9999394416809082
1328,0.9942890405654907
1329,0.9994359612464905
1330,0.0005140280700288713
1331,0.00905658956617117
1332,0.9999995231628418
1333,0.9999984502792358
1334,0.6506098508834839
1335,0.00023681444872636348
1336,0.0002242328628199175
1337,1.1537141290318687e-05
1338,0.010234690271317959
1339,0.0002009679446928203
1340,0.9995338916778564
1341,3.775374352699146e-05
1342,0.9999990463256836
1343,0.9997395873069763
1344,0.10351236909627914
1345,5.3054909585625865e-06
1346,5.626823985949159e-05
1347,1.076590137927269e-06
1348,0.00021220440976321697
1349,0.010794313624501228
1350,0.9995504021644592
1351,0.9992038607597351
1352,0.234677255153656
1353,0.9995754361152649
1354,0.023932600393891335
1355,0.007642470300197601
1356,0.9976886510848999
1357,5.234643322182819e-05
1358,0.9994334578514099
1359,0.012588807381689548
1360,0.9993095397949219
1361,6.670615402981639e-05
1362,0.00930867064744234
1363,5.0457969337003306e-05
1364,2.4955686512839748e-06
1365,0.6353893876075745
1366,0.9991313815116882
1367,0.6155452132225037
1368,0.0005763309891335666
1369,0.6142228245735168
1370,0.0006060320883989334
1371,0.19698549807071686
1372,0.9998949766159058
1373,0.9997883439064026
1374,0.07502040266990662
1375,0.015197431668639183
1376,0.9999996423721313
1377,0.9999896287918091
1378,0.9950940608978271
1379,0.00027232643333263695
1380,0.9218364953994751
1381,0.9999809265136719
1382,0.9999001026153564
1383,0.00039587169885635376
1384,0.4202187657356262
1385,0.999765932559967
1386,0.9999048709869385
1387,0.9999415874481201
1388,0.017278876155614853
1389,0.9998691082000732
1390,1.2223073326822487e-06
1391,0.013397878035902977
1392,0.0011928231688216329
1393,0.9997633099555969
1394,1.9721806893358007e-05
1395,0.9997966885566711
1396,0.00038183172000572085
1397,4.714495389634976e-06
1398,0.00010728448251029477
1399,0.9999935626983643
1400,0.9996090531349182
1401,0.9999939203262329
1402,0.9991992115974426
1403,0.0009151070844382048
1404,0.2835701107978821
1405,0.9996380805969238
1406,2.7007570224668598e-06
1407,0.00011599154095165431
1408,0.00024076887348201126
1409,0.9979507327079773
1410,6.847156441835978e-07
1411,0.9999881982803345
1412,0.16878071427345276
1413,0.9244267344474792
1414,0.9989271759986877
1415,0.0006734054768458009
1416,3.5359047615202144e-05
1417,0.00012475159019231796
1418,6.54734467389062e-05
1419,0.07618379592895508
1420,0.999771773815155
1421,0.99226975440979
1422,7.492349686799571e-05
1423,0.09756314754486084
1424,0.9999415874481201
1425,0.013582583516836166
1426,0.0001173739874502644
1427,0.9999840259552002
1428,0.9995587468147278
1429,0.9989713430404663
1430,0.9997887015342712
1431,0.9998840093612671
1432,0.9997336268424988
1433,0.9982134103775024
1434,0.999981164932251
1435,0.9999949932098389
1436,0.9999781847000122
1437,0.9998730421066284
1438,6.682406819891185e-05
1439,4.123171493120026e-06
1440,0.03851788491010666
1441,1.0420042144687613e-06
1442,0.9971364736557007
1443,0.9995877146720886
1444,0.9783819913864136
1445,0.9999678134918213
1446,0.01088291872292757
1447,0.08032508939504623
1448,0.08337166905403137
1449,0.9999982118606567
1450,0.0018620846094563603
1451,0.10094719380140305
1452,0.9995614886283875
1453,0.000316725141601637
1454,0.003702747169882059
1455,0.0005502679268829525
1456,1.8732106354946154e-06
1457,0.9999998807907104
1458,0.9808555245399475
1459,2.4975659471238032e-05
1460,0.9477691650390625
1461,5.242856059339829e-05
1462,0.12265468388795853
1463,0.000319820101140067
1464,0.0002471327024977654
1465,0.2856796979904175
1466,0.6184677481651306
1467,0.05372494086623192
1468,0.99991774559021
1469,0.9994754195213318
1470,0.9999715089797974
1471,0.999817430973053
1472,0.0010231307242065668
1473,1.912566176542896e-06
1474,0.06721995025873184
1475,0.00014047288277652115
1476,0.9996778964996338
1477,0.9998272061347961
1478,3.517907316563651e-05
1479,0.9999113082885742
1480,3.714936610776931e-06
1481,0.9999903440475464
1482,0.9990153312683105
1483,0.9999376535415649
1484,7.123133400455117e-06
1485,0.005528425332158804
1486,0.999737560749054
1487,0.08273603022098541
1488,1.70430721482262e-05
1489,0.00018618334433995187
1490,0.9878102540969849
1491,5.630387749988586e-05
1492,3.4651697205845267e-05
1493,0.9999983310699463
1494,2.8202131943544373e-05
1495,0.9980663657188416
1496,0.9995933175086975
1497,0.9999961853027344
1498,0.9999263286590576
1499,0.00014665261551272124
1500,5.578940090344986e-06
1501,0.9997513890266418
1502,4.3454442675283644e-06
1503,0.01402007695287466
1504,0.17526330053806305
1505,0.0004349755763541907
1506,0.999998927116394
1507,6.068825678084977e-05
1508,0.9999778270721436
1509,0.9999005794525146
1510,0.00283834058791399
1511,0.0013186774449422956
1512,0.9996392726898193
1513,0.011737611144781113
1514,0.00015492843522224575
1515,0.01390641275793314
1516,0.9997878670692444
1517,0.028251631185412407
1518,2.537088221288286e-06
1519,0.9876022934913635
1520,0.006732513662427664
1521,0.9999209642410278
1522,1.5901574670351692e-06
1523,0.004076157696545124
1524,0.0006290688179433346
1525,0.999988317489624
1526,0.999941349029541
1527,0.03013952076435089
1528,7.587487198179588e-05
1529,0.9999924898147583
1530,0.9999440908432007
1531,0.9999916553497314
1532,0.00034543953370302916
1533,9.403355943504721e-05
1534,0.008836142718791962
1535,2.7550400773179717e-05
1536,0.9999909400939941
1537,0.9999154806137085
1538,0.9968359470367432
1539,0.00027425456210039556
1540,4.182825250609312e-06
1541,0.9999755620956421
1542,0.9999765157699585
1543,0.6795346736907959
1544,0.9979243278503418
1545,0.08549696952104568
1546,0.9996731281280518
1547,0.9999951124191284
1548,1.3420729374047369e-05
1549,0.9999743700027466
1550,0.05389898642897606
1551,6.879934517201036e-05
1552,0.0002982085570693016
1553,0.9992825388908386
1554,0.9998773336410522
1555,2.0450796000659466e-05
1556,0.03051265887916088
1557,0.9998999834060669
1558,0.00011059893586207181
1559,6.004993338137865e-05
1560,0.5420404076576233
1561,0.00016784404579084367
1562,0.9691763520240784
1563,0.9999992847442627
1564,0.9999994039535522
1565,0.001972643658518791
1566,0.15297247469425201
1567,2.2155068108986598e-06
1568,0.999622106552124
1569,0.9999462366104126
1570,0.00010939795174635947
1571,0.9059774875640869
1572,0.9999532699584961
1573,0.9999616146087646
1574,0.9998348951339722
1575,0.9999916553497314
1576,0.9998075366020203
1577,0.9908180236816406
1578,0.003138412721455097
1579,0.000419244053773582
1580,0.9971289038658142
1581,0.9999849796295166
1582,0.008175334893167019
1583,0.9999538660049438
1584,0.0004074866883456707
1585,9.165878145722672e-05
1586,0.0001240920537384227
1587,0.0403938926756382
1588,0.0017019681399688125
1589,0.00026385392993688583
1590,0.9705727696418762
1591,0.999987006187439
1592,0.0004712750087492168
1593,0.9408584237098694
1594,0.9999574422836304
1595,3.099880996160209e-05
1596,0.998835027217865
1597,0.026778068393468857
1598,0.6975611448287964
1599,0.7483816146850586
1600,0.999565064907074
1601,0.0007668545586057007
1602,0.9672291278839111
1603,0.7312107086181641
1604,0.00013424697681330144
1605,0.5667576789855957
1606,2.4327380288013956e-06
1607,0.0002242644695797935
1608,0.0002052555064437911
1609,0.9999964237213135
1610,0.9999822378158569
1611,0.004313135519623756
1612,0.9999594688415527
1613,0.00011585834727156907
1614,0.004350055940449238
1615,0.010699101723730564
1616,0.3027103841304779
1617,0.9999713897705078
1618,0.0002661716425791383
1619,0.9992545247077942
1620,0.9999992847442627
1621,0.9858549237251282
1622,1.1580165846680757e-05
1623,4.158926913078176e-06
1624,0.0433950275182724
1625,0.9999701976776123
1626,3.651814267868758e-06
1627,0.1043291836977005
1628,0.9996638298034668
1629,0.9999513626098633
1630,0.9994447827339172
1631,0.00013389794912654907
1632,0.9999610185623169
1633,0.9997348189353943
1634,0.99269038438797
1635,0.9998062252998352
1636,0.03291520103812218
1637,0.9999840259552002
1638,0.9999991655349731
1639,0.9991368651390076
1640,0.9999727010726929
1641,0.0002902793057728559
1642,0.9999656677246094
1643,0.9999758005142212
1644,0.9999933242797852
1645,0.9998863935470581
1646,0.000627043133135885
1647,0.9999113082885742
1648,0.043914586305618286
1649,0.31068307161331177
1650,0.34325847029685974
1651,5.9229663747828454e-05
1652,0.6976436376571655
1653,0.9999992847442627
1654,0.9998666048049927
1655,0.12220674008131027
1656,0.026554930955171585
1657,0.000239396802498959
1658,0.9999967813491821
1659,0.996432900428772
1660,0.010942017659544945
1661,0.00020965027215424925
1662,0.9984356760978699
1663,0.08796712756156921
1664,0.001158085186034441
1665,0.0005979850539006293
1666,6.540666799992323e-05
1667,0.9999191761016846
1668,0.024461954832077026
1669,0.9999566078186035
1670,0.00010470949928276241
1671,0.9959166646003723
1672,0.9999992847442627
1673,0.7142876982688904
1674,0.0035813827998936176
1675,0.006854263134300709
1676,0.9999910593032837
1677,0.9999480247497559
1678,0.9971078038215637
1679,0.0008178922580555081
1680,0.0004173523630015552
1681,0.0002664410276338458
1682,0.999996542930603
1683,3.098417801083997e-05
1684,0.9999852180480957
1685,0.9795476198196411
1686,0.9993701577186584
1687,0.9999978542327881
1688,0.9987284541130066
1689,1.4933888223822578e-06
1690,0.9999697208404541
1691,0.8141419291496277
1692,0.9996615648269653
1693,0.9999988079071045
1694,0.012907392345368862
1695,0.6031949520111084
1696,0.9999992847442627
1697,0.006524053867906332
1698,1.9607055946835317e-05
1699,0.9685332775115967
1700,0.0008143518934957683
1701,0.9999212026596069
1702,0.9999116659164429
1703,0.998084545135498
1704,0.9999914169311523
1705,0.9999929666519165
1706,0.9999148845672607
1707,6.7555201894720085e-06
1708,0.9986627101898193
1709,1.6917662151172408e-06
1710,2.5348404960823245e-05
1711,0.9999263286590576
1712,0.00016007042722776532
1713,0.0067576197907328606
1714,0.9684677124023438
1715,0.3131025433540344
1716,0.9471601247787476
1717,0.9996181726455688
1718,8.034075449359079e-07
1719,0.9926354289054871
1720,0.9834665656089783
1721,1.6559493815293536e-05
1722,0.9999125003814697
1723,0.015413593500852585
1724,0.06483440846204758
1725,0.9985961318016052
1726,0.9995788931846619
1727,0.9999761581420898
1728,0.9999523162841797
1729,0.00045434103230945766
1730,0.9999918937683105
1731,0.002082248218357563
1732,0.9998754262924194
1733,0.9999973773956299
1734,0.06445947289466858
1735,0.007268198765814304
1736,0.00025680632097646594
1737,0.9999969005584717
1738,2.0874005713267252e-05
1739,0.9946001768112183
1740,0.0012065909104421735
1741,0.11029186844825745
1742,0.9999997615814209
1743,0.9999009370803833
1744,0.9999988079071045
1745,0.0001755134726408869
1746,0.9999868869781494
1747,0.0007573579205200076
1748,0.2765163779258728
1749,0.002352655166760087
1750,0.004891201853752136
1751,0.9998278617858887
1752,3.2197731343330815e-06
1753,0.9922187328338623
1754,4.3829772039316595e-05
1755,0.9999451637268066
1756,0.0805111974477768
1757,0.4033393859863281
1758,0.9990503191947937
1759,0.9999879598617554
1760,1.5896206377874478e-06
1761,0.9992239475250244
1762,0.9999967813491821
1763,0.0004037135513499379
1764,0.9999982118606567
1765,2.8463099965847505e-07
1766,0.9999827146530151
1767,0.9994007349014282
1768,0.9724536538124084
1769,0.9999892711639404
1770,0.10120667517185211
1771,0.0003326055593788624
1772,0.0417206734418869
1773,0.9997625946998596
1774,5.6374094128841534e-05
1775,0.02735879458487034
1776,0.9997996687889099
1777,0.00019851460820063949
1778,0.0015734074404463172
1779,0.0019450810505077243
1780,0.0005261412588879466
1781,0.9997977614402771
1782,0.999969482421875
1783,0.00011534322402440012
1784,0.018096111714839935
1785,0.001544096157886088
1786,0.998735249042511
1787,0.9997498393058777
1788,0.9987016916275024
1789,0.9999715089797974
1790,0.0007514882017858326
1791,0.9999922513961792
1792,3.970601028413512e-05
1793,0.6942929625511169
1794,0.999566376209259
1795,5.409144068835303e-05
1796,0.0027092397212982178
1797,0.9998041987419128
1798,0.0009303470142185688
1799,2.1095032934681512e-05
1800,0.999996542930603
1801,0.9997974038124084
1802,5.3329062211560085e-05
1803,0.9999946355819702
1804,0.00011155592073919252
1805,1.725159745546989e-05
1806,0.06939737498760223
1807,0.9998030066490173
1808,0.00892332661896944
1809,0.9999903440475464
1810,0.887345552444458
1811,0.9999973773956299
1812,0.8454287052154541
1813,0.9999997615814209
1814,0.9999691247940063
1815,0.00018716801423579454
1816,0.9999998807907104
1817,0.9999439716339111
1818,0.006669831927865744
1819,0.8312548398971558
1820,0.0021218874026089907
1821,0.999937891960144
1822,0.0008738287724554539
1823,0.05771424248814583
1824,0.0005726857343688607
1825,0.9999862909317017
1826,0.012084582820534706
1827,4.1763996705412865e-06
1828,0.8594616651535034
1829,0.999987006187439
1830,5.2228257118258625e-05
1831,0.99993896484375
1832,0.9995717406272888
1833,0.004958912264555693
1834,0.00018160951731260866
1835,0.00034666614374145865
1836,0.0032436486799269915
1837,0.9894202947616577
1838,0.9999864101409912
1839,0.003422023728489876
1840,0.9999730587005615
1841,0.9999316930770874
1842,0.9995500445365906
1843,0.000911872775759548
1844,0.0001334589469479397
1845,0.9999957084655762
1846,0.9954802989959717
1847,1.6882277122931555e-05
1848,0.9999159574508667
1849,0.9998997449874878
1850,0.9997304081916809
1851,0.9999353885650635
1852,7.171629840740934e-05
1853,0.9999772310256958
1854,0.00022821447055321187
1855,0.9999070167541504
1856,0.9997559189796448
1857,0.00017929122259374708
1858,3.5407123277764185e-07
1859,0.9999967813491821
1860,0.9989919066429138
1861,6.001387373544276e-05
1862,3.1925758321449393e-06
1863,0.9999154806137085
1864,9.31091221900715e-07
1865,0.9998668432235718
1866,0.9999927282333374
1867,4.3828644265886396e-05
1868,5.761598004028201e-06
1869,0.09263432770967484
1870,0.005990267731249332
1871,0.9999229907989502
1872,0.9999583959579468
1873,0.9978770017623901
1874,0.9999969005584717
1875,0.00014853678294457495
1876,0.9999992847442627
1877,0.9995573163032532
1878,0.9999537467956543
1879,8.436955977231264e-05
1880,9.76087358139921e-06
1881,0.9999991655349731
1882,0.9998593330383301
1883,0.0008903107373043895
1884,0.9998453855514526
1885,0.047901153564453125
1886,0.9822407364845276
1887,0.025466404855251312
1888,0.9999914169311523
1889,0.0025342507287859917
1890,0.008311128243803978
1891,0.9999707937240601
1892,0.9636014103889465
1893,2.8417169232852757e-05
1894,0.00022243948478717357
1895,0.9967581629753113
1896,0.00012788704771082848
1897,5.981527010590071e-06
1898,2.996838020408177e-06
1899,0.0002748320112004876
1900,0.04493393376469612
1901,0.0033518087584525347
1902,0.9940091371536255
1903,0.9999597072601318
1904,0.9997434020042419
1905,0.9998743534088135
1906,0.985228955745697
1907,0.07612196356058121
1908,0.9787649512290955
1909,0.9999748468399048
1910,0.9998949766159058
1911,0.01681995391845703
1912,0.9719519019126892
1913,0.00015868931950535625
1914,0.9995326995849609
1915,0.9923141598701477
1916,0.9999998807907104
1917,0.9999980926513672
1918,9.965112258214504e-05
1919,0.9597523808479309
1920,0.009269502013921738
1921,0.0010269044432789087
1922,0.9895743727684021
1923,0.00013700251292902976
1924,0.0003352503990754485
1925,0.999993085861206
1926,0.09301197528839111
1927,4.0983159124152735e-05
1928,0.9922345876693726
1929,0.0008462004479952157
1930,0.9989950060844421
1931,0.3624919652938843
1932,0.9970222115516663
1933,0.9344334602355957
1934,9.25382410059683e-05
1935,0.00276359124109149
1936,0.12513941526412964
1937,0.9809858202934265
1938,0.9995496869087219
1939,0.9999969005584717
1940,0.9999043941497803
1941,0.999997615814209
1942,8.105625056487042e-06
1943,0.5000907182693481
1944,0.0029679974541068077
1945,0.08657051622867584
1946,2.704417170207307e-07
1947,0.9999896287918091
1948,0.9993664622306824
1949,0.9999492168426514
1950,0.9995032548904419
1951,1.619094837224111e-05
1952,1.4856831512588542e-05
1953,0.011164900846779346
1954,0.9999700784683228
1955,0.0040142470970749855
1956,0.9999957084655762
1957,0.00023506881552748382
1958,1.9501060251059243e-06
1959,0.00038781663170084357
1960,0.0004118194046895951
1961,2.985545688716229e-05
1962,0.9991099238395691
1963,0.00010906776151387021
1964,0.04061850160360336
1965,5.6770568335196e-05
1966,0.9999964237213135
1967,1.057038502949581e-06
1968,0.9999498128890991
1969,0.009558393619954586
1970,0.9999637603759766
1971,2.464600038365461e-05
1972,0.29473069310188293
1973,0.024734508246183395
1974,2.7221833079238422e-05
1975,4.7503699533990584e-06
1976,0.0036467264872044325
1977,0.9937195777893066
1978,0.00035641243448480964
1979,0.9999998807907104
1980,0.9982389211654663
1981,0.9997223019599915
1982,0.001218839199282229
1983,0.9999748468399048
1984,0.9999352693557739
1985,0.007024502381682396
1986,0.9997957348823547
1987,0.9999487400054932
1988,3.961927177442703e-06
1989,0.9999915361404419
1990,0.9999960660934448
1991,0.9999868869781494
1992,6.659025075350655e-06
1993,0.0020981759298592806
1994,0.9999350309371948
1995,1.2725819033221342e-05
1996,0.9999529123306274
1997,0.9998995065689087
1998,0.9999947547912598
1999,5.709828110411763e-05
2000,0.9973526000976562
2001,0.9994416832923889
2002,0.9997199177742004
2003,0.003689591307193041
2004,0.9982417821884155
2005,0.9997109770774841
2006,0.013355562463402748
2007,0.9569524526596069
2008,0.999992847442627
2009,0.9999988079071045
2010,0.9999544620513916
2011,0.8507218956947327
2012,1.3686940292245708e-05
2013,0.1673976331949234
2014,0.031850457191467285
2015,0.9425643682479858
2016,0.2863737940788269
2017,0.002642400562763214
2018,0.00019123191304970533
2019,9.738851804286242e-05
2020,5.077053720015101e-05
2021,0.003966342657804489
2022,0.009017816744744778
2023,0.02247595600783825
2024,7.786269975440518e-07
2025,0.0027477110270410776
2026,0.04118422791361809
2027,1.1390156942070462e-05
2028,0.00021892022050451487
2029,1.3989655599289108e-05
2030,0.03436550870537758
2031,0.025141382589936256
2032,0.000714715279173106
2033,0.9975288510322571
2034,0.0004724561586044729
2035,0.9999994039535522
2036,4.674828232964501e-06
2037,0.9140084981918335
2038,0.999971866607666
2039,0.0042292894795536995
2040,0.9999779462814331
2041,0.9967464208602905
2042,0.999996542930603
2043,0.2232830971479416
2044,0.0005441561806946993
2045,0.9823680520057678
2046,0.9981600642204285
2047,0.00036178622394800186
2048,0.0009725004201754928
2049,2.513987601560075e-05
2050,0.9998335838317871
2051,0.04754349961876869
2052,0.9999610185623169
2053,0.0006154275615699589
2054,0.9953089356422424
2055,0.9999977350234985
2056,0.9999856948852539
2057,0.9999151229858398
2058,0.0027210989501327276
2059,0.9999849796295166
2060,0.9976972937583923
2061,0.9999420642852783
2062,0.9999974966049194
2063,0.7338396906852722
2064,0.9999879598617554
2065,0.9996351003646851
2066,6.504751945612952e-05
2067,0.999178946018219
2068,9.303490514867008e-06
2069,0.9999887943267822
2070,0.9965755343437195
2071,0.9996285438537598
2072,0.006776853464543819
2073,3.0475539460894652e-05
2074,0.000151216154335998
2075,7.288449705811217e-05
2076,0.19226592779159546
2077,0.9998825788497925
2078,0.9999964237213135
2079,0.04852535203099251
2080,0.9976474642753601
2081,0.9997668862342834
2082,0.8243343830108643
2083,0.9964339733123779
2084,0.9999768733978271
2085,0.6760721206665039
2086,0.9971933960914612
2087,0.00024558199220336974
2088,9.018298442242667e-05
2089,4.598390296450816e-05
2090,0.30751508474349976
2091,0.9998351335525513
2092,0.999975323677063
2093,0.005045277997851372
2094,0.5189038515090942
2095,0.9995610117912292
2096,0.010510730557143688
2097,0.2531518042087555
2098,0.9691396355628967
2099,0.9984082579612732
2100,2.3132975002226885e-06
2101,0.9999992847442627
2102,0.9987576007843018
2103,0.9999909400939941
2104,0.9986183643341064
2105,2.0806488464586437e-05
2106,1.0252008905808907e-05
2107,0.999519944190979
2108,0.00014700712927151471
2109,0.9999610185623169
2110,0.9998756647109985
2111,0.9992526173591614
2112,9.401815987075679e-06
2113,1.6552814486203715e-05
2114,0.9994420409202576
2115,0.1964988112449646
2116,0.0002156444825232029
2117,0.9878716468811035
2118,0.00037050244281999767
2119,0.9992881417274475
2120,0.9999886751174927
2121,0.9592535495758057
2122,0.9999891519546509
2123,0.9999945163726807
2124,0.9903709292411804
2125,0.9739056825637817
2126,0.9999252557754517
2127,0.0011197265703231096
2128,0.001477323821745813
2129,0.9950734972953796
2130,0.0013852891279384494
2131,7.666026795050129e-05
2132,5.037791652284795e-06
2133,1.625567506380321e-06
2134,0.9986982345581055
2135,0.9999887943267822
2136,0.9998152852058411
2137,0.05260408669710159
2138,0.9449998736381531
2139,9.832682735577691e-06
2140,0.25135132670402527
2141,0.0005960171110928059
2142,0.0008395062759518623
2143,0.9999990463256836
2144,0.001477580051869154
2145,0.9999879598617554
2146,0.9999874830245972
2147,0.013237020932137966
2148,0.28785786032676697
2149,4.5600853582072887e-07
2150,5.052281994721852e-05
2151,0.010335572995245457
2152,1.1071208660951015e-07
2153,0.05716903507709503
2154,0.9999207258224487
2155,0.9999961853027344
2156,0.26534608006477356
2157,0.9999959468841553
2158,0.9541964530944824
2159,0.9606404304504395
2160,0.9722679257392883
2161,1.2757278454955667e-05
2162,7.478422503481852e-06
2163,0.9999955892562866
2164,0.00031137396581470966
2165,3.9251597627298906e-05
2166,0.000763323565479368
2167,4.790510047314456e-06
2168,0.0001542761456221342
2169,8.401134255109355e-05
2170,0.00031922306516207755
2171,0.9995879530906677
2172,0.043544698506593704
2173,0.9967801570892334
2174,0.9999608993530273
2175,0.9999850988388062
2176,0.920183002948761
2177,0.9987800717353821
2178,0.9995198249816895
2179,0.9999980926513672
2180,0.9995224475860596
2181,0.01776079833507538
2182,0.99819415807724
2183,9.619189950171858e-05
2184,0.9978834986686707
2185,0.9999982118606567
2186,0.9987358450889587
2187,5.4368636483559385e-05
2188,0.00011053420894313604
2189,0.9999867677688599
2190,1.994255762838293e-05
2191,7.410082616843283e-05
2192,0.22967511415481567
2193,0.8660426735877991
2194,0.9978164434432983
2195,0.07270349562168121
2196,0.9999948740005493
2197,0.9999997615814209
2198,0.9677512049674988
2199,0.9936785101890564
2200,1.4899440429871902e-05
2201,0.9961995482444763
2202,0.9999788999557495
2203,0.00016380578745156527
2204,0.984023928642273
2205,7.03426921973005e-05
2206,0.21003971993923187
2207,0.016787858679890633
2208,1.8808770619216375e-05
2209,0.9999004602432251
2210,0.9997885823249817
2211,0.9999744892120361
2212,0.9809977412223816
2213,0.00031445594504475594
2214,0.9999269247055054
2215,0.999998927116394
2216,0.998096764087677
2217,0.9999803304672241
2218,8.22901347419247e-05
2219,0.003653591964393854
2220,0.9998534917831421
2221,0.9999980926513672
2222,0.9999995231628418
2223,0.998738706111908
2224,0.0019127740524709225
2225,0.0004102083039470017
2226,0.9999947547912598
2227,0.34277746081352234
2228,0.9997448325157166
2229,0.999974250793457
2230,0.996095597743988
2231,5.037642495153705e-06
2232,0.9999620914459229
2233,1.666695789026562e-05
2234,0.5466870069503784
2235,0.00043604563688859344
2236,0.5489116907119751
2237,0.00025560861104168
2238,0.9999995231628418
2239,0.019143758341670036
2240,0.999998927116394
2241,0.9999885559082031
2242,4.038327460875735e-06
2243,0.0005577976116910577
2244,0.9993402361869812
2245,6.700567610096186e-05
2246,0.9999555349349976
2247,0.000990218250080943
2248,0.12108437716960907
2249,0.96059650182724
2250,0.9985982775688171
2251,0.10934632271528244
2252,0.0033392913173884153
2253,0.9999370574951172
2254,0.9985710382461548
2255,0.999630331993103
2256,0.00037049924139864743
2257,0.7785769701004028
2258,0.9939868450164795
2259,0.9999545812606812
2260,0.9999628067016602
2261,0.8304621577262878
2262,0.0007971202721819282
2263,0.9999985694885254
2264,0.14662547409534454
2265,7.705670577706769e-05
2266,7.252537034219131e-05
2267,0.9999599456787109
2268,4.949358753947308e-06
2269,0.04200877621769905
2270,0.3179260492324829
2271,0.9999896287918091
2272,0.9999884366989136
2273,0.00012277206405997276
2274,3.98521024180809e-06
2275,0.9999916553497314
2276,0.9999996423721313
2277,0.7077299952507019
2278,0.004504585172981024
2279,0.0023413861636072397
2280,0.9999988079071045
2281,0.9995773434638977
2282,0.0002662554325070232
2283,0.0073267072439193726
2284,0.9997492432594299
2285,0.9999529123306274
2286,0.9783370494842529
2287,4.090046786586754e-05
2288,0.00011521109991008416
2289,0.003889154875651002
2290,0.001138209830969572
2291,0.956331729888916
2292,7.030814231256954e-06
2293,2.191119892813731e-05
2294,0.9958880543708801
2295,0.9998773336410522
2296,4.262050788383931e-05
2297,0.996170699596405
2298,3.033028042409569e-05
2299,0.011240851134061813
2300,0.999996542930603
2301,0.9999839067459106
2302,0.005717123858630657
2303,0.00016074893937911838
2304,0.999995231628418
2305,0.9999017715454102
2306,0.9998900890350342
2307,4.4448202061175834e-06
2308,0.7881548404693604
2309,0.0396200567483902
2310,0.9999076128005981
2311,0.9522082209587097
2312,1.1383389164620894e-07
2313,0.9995408058166504
2314,0.05048779770731926
2315,0.7990774512290955
2316,0.9986847043037415
2317,1.0049818229163066e-05
2318,0.0038440099451690912
2319,0.9999996423721313
2320,0.8519754409790039
2321,2.556514118623454e-06
2322,0.9999949932098389
2323,8.392278687097132e-05
2324,0.9970555305480957
2325,0.9986308217048645
2326,0.029342828318476677
2327,0.9836958646774292
2328,1.4123344953986816e-05
2329,4.1960097405535635e-06
2330,0.12431338429450989
2331,0.000714917026925832
2332,0.00010733196540968493
2333,0.9999393224716187
2334,0.999464213848114
2335,0.00032910658046603203
2336,0.9999916553497314
2337,0.023393254727125168
2338,4.312819783081068e-06
2339,0.9927546381950378
2340,0.9141907691955566
2341,2.7972503175988095e-06
2342,0.9999676942825317
2343,0.000525046547409147
2344,1.44505729622324e-05
2345,0.9994680285453796
2346,1.026923109748168e-05
2347,0.035578612238168716
2348,4.30305863119429e-06
2349,1.8699925931286998e-05
2350,0.9999711513519287
2351,0.9998360872268677
2352,0.018818974494934082
2353,0.00013400075840763748
2354,1.6532872905372642e-05
2355,0.9966111779212952
2356,0.5984689593315125
2357,0.9896369576454163
2358,0.9999927282333374
2359,0.9999839067459106
2360,2.7279581900074845e-06
2361,0.9916738867759705
2362,0.999985933303833
2363,0.00046613303129561245
2364,0.0002452569897286594
2365,0.9972875118255615
2366,0.999987006187439
2367,3.0519222491420805e-05
2368,0.9999476671218872
2369,0.0010091541334986687
2370,0.0010485271923244
2371,0.0007265069289132953
2372,0.9993804693222046
2373,0.9999996423721313
2374,0.9996832609176636
2375,0.000789998157415539
2376,0.9999845027923584
2377,8.0281010014005e-05
2378,0.9999542236328125
2379,0.000494419364258647
2380,2.1157815353944898e-05
2381,0.9999918937683105
2382,0.03272082284092903
2383,0.9999059438705444
2384,0.9994889497756958
2385,0.998878538608551
2386,0.9998699426651001
2387,0.04143327847123146
2388,0.9974803328514099
2389,0.9999998807907104
2390,0.0032345426734536886
2391,0.9997263550758362
2392,0.004296384286135435
2393,0.999997615814209
2394,0.00011081492266384885
2395,1.0562127499724738e-05
2396,0.00023502240946982056
2397,0.005404925439506769
2398,0.9733738899230957
2399,7.700117748754565e-06
2400,0.9999920129776001
2401,3.481895873846952e-06
2402,0.9996298551559448
2403,0.9996849298477173
2404,0.9999966621398926
2405,0.06427136808633804
2406,0.9997777342796326
2407,1.3207902156864293e-05
2408,0.0005338367773219943
2409,0.9999938011169434
2410,0.13995571434497833
2411,0.005334367975592613
2412,0.999862551689148
2413,0.00015108946536201984
2414,0.0006238225614652038
2415,0.00010973603639286011
2416,0.9998230338096619
2417,0.0010740068973973393
2418,4.695122333941981e-05
2419,3.1468978249904467e-06
2420,0.9280340075492859
2421,0.0005802366649731994
2422,0.9992052912712097
2423,0.006522508803755045
2424,0.002871942240744829
2425,1.0246828423987608e-05
2426,4.4835847802460194e-05
2427,0.006303937640041113
2428,0.9991324543952942
2429,0.00014098644896876067
2430,0.9969367980957031
2431,0.9993801116943359
2432,0.9998559951782227
2433,0.9999716281890869
2434,0.05771424248814583
2435,0.00013995493645779788
2436,0.0006681981030851603
2437,0.9996058344841003
2438,0.9999842643737793
2439,0.003405535826459527
2440,1.2646241884795018e-06
2441,0.002318366663530469
2442,0.9996846914291382
2443,5.291896377457306e-05
2444,0.9998838901519775
2445,0.9999834299087524
2446,0.004060762468725443
2447,0.999996542930603
2448,0.9625881314277649
2449,0.0036363585386425257
2450,0.9997087121009827
2451,0.999639630317688
2452,0.9999970197677612
2453,0.00015583964705001563
2454,2.2076939785620198e-05
2455,7.909541454864666e-05
2456,0.8146181702613831
2457,0.9999958276748657
2458,0.003024494741111994
2459,0.9999963045120239
2460,1.7285503872699337e-06
2461,4.679463745560497e-05
2462,0.9999984502792358
2463,0.03830290585756302
2464,0.9996329545974731
2465,0.9999967813491821
2466,0.917921245098114
2467,0.999932050704956
2468,0.9652211666107178
2469,0.9999945163726807
2470,0.9990678429603577
2471,0.9909688830375671
2472,0.9977462887763977
2473,0.03180740773677826
2474,0.9999961853027344
2475,0.014494252391159534
2476,0.9999997615814209
2477,0.0005597264389507473
2478,0.9999566078186035
2479,0.00043652206659317017
2480,2.612810021673795e-05
2481,0.9999562501907349
2482,0.9937689900398254
2483,0.9999607801437378
2484,0.9999984502792358
2485,0.0001936260814545676
2486,2.782808405754622e-05
2487,0.9999102354049683
2488,0.09792061895132065
2489,0.9999544620513916
2490,0.9999092817306519
2491,1.0
2492,1.7904323613038287e-05
2493,0.00011221024033147842
2494,0.9999979734420776
2495,0.010687071830034256
2496,0.819172739982605
2497,3.0141129172989167e-05
2498,0.9999994039535522
2499,5.2271548156568315e-06
2500,5.188140903555905e-07
2501,1.747398891893681e-05
2502,0.00015183787036221474
2503,0.0631725937128067
2504,0.9980280995368958
2505,0.9999991655349731
2506,0.9999244213104248
2507,0.9999841451644897
2508,0.0899381935596466
2509,0.9999998807907104
2510,0.9995397329330444
2511,0.999663233757019
2512,0.005726560950279236
2513,0.00015101472672540694
2514,0.9992765784263611
2515,0.9732038974761963
2516,2.6378638722235337e-05
2517,0.002455924404785037
2518,0.999554455280304
2519,0.00024425447918474674
2520,0.9983586668968201
2521,0.9998026490211487
2522,0.00010950022260658443
2523,0.9953206181526184
2524,0.0009171208366751671
2525,0.7506188154220581
2526,0.2402292639017105
2527,0.9982166886329651
2528,0.8244228363037109
2529,0.9820490479469299
2530,0.00047311006346717477
2531,6.854370440123603e-06
2532,0.9999998807907104
2533,0.9999653100967407
2534,1.3399706404015888e-05
2535,3.610572821344249e-05
2536,0.0004750161024276167
2537,0.9999994039535522
2538,0.03467929735779762
2539,0.9995790123939514
2540,0.00010038034815806895
2541,0.9999940395355225
2542,0.04837620630860329
2543,0.9603489637374878
2544,0.9971106052398682
2545,8.755743692745455e-06
2546,0.9999924898147583
2547,0.9998825788497925
2548,0.0006901848246343434
2549,0.0005630457308143377
2550,0.0006783349090255797
2551,0.000700967968441546
2552,0.9999881982803345
2553,9.434752428205684e-06
2554,2.1607576854876243e-05
2555,0.999990701675415
2556,0.9999901056289673
2557,0.0002933196956291795
2558,2.805521580739878e-05
2559,0.9999994039535522
2560,0.9998703002929688
2561,0.99992835521698
2562,0.9997637867927551
2563,6.827594916103408e-05
2564,9.182833309751004e-06
2565,3.4849079384002835e-05
2566,0.9999954700469971
2567,6.736830982845277e-05
2568,0.9998538494110107
2569,0.9999686479568481
2570,0.9998576641082764
2571,2.811381455103401e-05
2572,0.4495645761489868
2573,0.9993065595626831
2574,0.0001244824379682541
2575,0.4200780987739563
2576,4.1247589251725e-05
2577,0.9999712705612183
2578,4.0177630580728874e-05
2579,0.9998533725738525
2580,0.0007682230789214373
2581,0.9999672174453735
2582,0.9999984502792358
2583,0.9999915361404419
2584,0.0006201270734891295
2585,7.95990854385309e-06
2586,2.901034167734906e-05
2587,1.3053777365712449e-05
2588,0.29669496417045593
2589,0.9999053478240967
2590,0.9999997615814209
2591,0.0003549234534148127
2592,0.0006662055966444314
2593,0.018441669642925262
2594,0.9998354911804199
2595,0.406218022108078
2596,0.13075731694698334
2597,5.007668005418964e-05
2598,0.9995094537734985
2599,0.9999456405639648
2600,0.9993269443511963
2601,0.9656058549880981
2602,0.9999971389770508
2603,0.0002981707511935383
2604,0.003347170539200306
2605,0.9999516010284424
2606,0.8483136296272278
2607,0.004063108470290899
2608,0.000937321805395186
2609,0.9999986886978149
2610,5.804641841677949e-05
2611,0.0007015711744315922
2612,0.9999961853027344
2613,0.9999974966049194
2614,0.9971839785575867
2615,0.0340011864900589
2616,0.9992252588272095
2617,0.9999951124191284
2618,7.56647641537711e-05
2619,4.950510265189223e-05
2620,9.816284728003666e-05
2621,0.00030271473224274814
2622,1.2968899909537868e-06
2623,0.00029057584470137954
2624,0.9994558691978455
2625,1.5542371329502203e-05
2626,0.9997062087059021
2627,0.9999916553497314
2628,0.9999557733535767
2629,0.9996465444564819
2630,4.581470989251102e-07
2631,0.31052717566490173
2632,0.00017173046944662929
2633,0.007665170356631279
2634,0.9999984502792358
2635,0.9999221563339233
2636,0.23459365963935852
2637,0.0003895141708198935
2638,0.9994426369667053
2639,5.149306161911227e-05
2640,2.881399996113032e-05
2641,0.9859979152679443
2642,0.9999964237213135
2643,0.9986121654510498
2644,0.9593204855918884
2645,0.9734169244766235
2646,5.759011401096359e-05
2647,0.008007312193512917
2648,0.9999771118164062
2649,0.0012572023551911116
2650,0.0010859525064006448
2651,0.9997909665107727
2652,0.0005694073042832315
2653,0.002006390132009983
2654,0.893750011920929
2655,2.484670858393656e-06
2656,0.9998003840446472
2657,0.08132675290107727
2658,3.374743528183899e-06
2659,0.9677591323852539
2660,0.00022560232901014388
2661,0.9999029636383057
2662,0.0051354896277189255
2663,0.999995231628418
2664,0.9994485974311829
2665,0.004316265694797039
2666,0.0027271746657788754
2667,0.03204452991485596
2668,0.0005334875895641744
2669,1.6864159988472238e-05
2670,0.0001399110333295539
2671,0.999672532081604
2672,1.1691307918226812e-05
2673,0.9969543218612671
2674,0.00039136706618592143
2675,2.5674655262264423e-05
2676,0.00022591615561395884
2677,0.4461275041103363
2678,0.9999856948852539
2679,0.9999667406082153
2680,0.9994791150093079
2681,1.8113832993549295e-05
2682,0.9999409914016724
2683,0.9985752105712891
2684,0.9995625615119934
2685,0.029392588883638382
2686,0.005636684130877256
2687,4.2181619619441335e-07
2688,3.881348675349727e-06
2689,0.9992772936820984
2690,0.00026292577967979014
2691,0.9999676942825317
2692,0.9956918358802795
2693,0.00023251294624060392
2694,0.0006558719906024635
2695,0.9999237060546875
2696,0.00047130606253631413
2697,0.999945878982544
2698,0.006885661277920008
2699,0.00025616856873966753
2700,0.9999244213104248
2701,0.17864152789115906
2702,0.985403299331665
2703,0.0015847333706915379
2704,0.9999933242797852
2705,0.00022147086565382779
2706,0.02767462655901909
2707,0.26521173119544983
2708,0.0019694396760314703
2709,0.9985604882240295
2710,0.9998418092727661
2711,8.84296514414018e-06
2712,0.9993185997009277
2713,0.6344996094703674
2714,0.9985339641571045
2715,2.774216909529059e-06
2716,0.9993798732757568
2717,0.9987906813621521
2718,0.9999103546142578
2719,0.9998996257781982
2720,0.9985272884368896
2721,0.9996851682662964
2722,0.999721109867096
2723,0.007783143315464258
2724,0.9998883008956909
2725,7.993867257027887e-07
2726,0.00012227936531417072
2727,0.998852014541626
2728,0.013816840946674347
2729,0.012786739505827427
2730,0.9978708028793335
2731,9.304077934757515e-07
2732,0.9999058246612549
2733,0.00013645218859892339
2734,0.0061877151019871235
2735,0.00031433964613825083
2736,0.00043708979501388967
2737,0.9987530708312988
2738,0.99991774559021
2739,0.9999606609344482
2740,0.9974338412284851
2741,0.0006910101510584354
2742,0.00012227411207277328
2743,0.9999945163726807
2744,0.9999961853027344
2745,0.9999971389770508
2746,0.0003427398041822016
2747,0.013307556509971619
2748,0.9971451163291931
2749,6.247254987101769e-06
2750,2.8548281989060342e-05
2751,0.9999706745147705
2752,0.9988825917243958
2753,0.22188091278076172
2754,0.011081206612288952
2755,0.9993170499801636
2756,0.9999998807907104
2757,0.999942421913147
2758,0.0012052870588377118
2759,0.9992166757583618
2760,0.0012602475471794605
2761,0.9080142378807068
2762,0.005593982059508562
2763,0.9999768733978271
2764,0.0037530844565480947
2765,0.0022850108798593283
2766,0.999868631362915
2767,0.9992676377296448
2768,0.9984121322631836
2769,0.0002759452327154577
2770,0.999992847442627
2771,0.999994158744812
2772,0.011448764242231846
2773,0.0894642248749733
2774,0.9999754428863525
2775,0.9998722076416016
2776,0.9994718432426453
2777,0.9959346055984497
2778,0.9999788999557495
2779,0.00011789469863288105
2780,0.00041330113890580833
2781,0.0015347324078902602
2782,0.0023192621301859617
2783,9.83841255219886e-06
2784,0.001886235666461289
2785,3.0309172871056944e-05
2786,0.47668442130088806
2787,0.9999904632568359
2788,0.9992663264274597
2789,0.9999561309814453
2790,0.00018063478637486696
2791,0.9997485280036926
2792,0.998551070690155
2793,3.4983400837518275e-05
2794,0.00010830041719600558
2795,0.9996310472488403
2796,0.9999934434890747
2797,0.014325135387480259
2798,0.9999281167984009
2799,0.006580974441021681
2800,0.9999886751174927
2801,0.9989614486694336
2802,0.9999984502792358
2803,1.6199937817873433e-05
2804,0.9960971474647522
2805,1.8420056221657433e-05
2806,0.9994564652442932
2807,0.0008588674245402217
2808,0.0001483845990151167
2809,0.0013645477592945099
2810,1.7626578483032063e-05
2811,0.09781409800052643
2812,0.01150000561028719
2813,0.9643951654434204
2814,2.6727033741735795e-07
2815,0.0001119444495998323
2816,0.0014591249637305737
2817,9.195609163725749e-05
2818,6.102223778725602e-06
2819,0.0007244442822411656
2820,0.9999681711196899
2821,0.11482607573270798
2822,0.9999241828918457
2823,4.4899115891894326e-06
2824,0.9994063377380371
2825,0.00040053625707514584
2826,0.9990209341049194
2827,0.9999855756759644
2828,2.0180417777737603e-05
2829,0.9415501356124878
2830,0.9998995065689087
2831,1.2419893664628034e-06
2832,0.996637225151062
2833,0.9998669624328613
2834,0.9999319314956665
2835,0.9991658926010132
2836,0.5774527192115784
2837,3.883678516558575e-07
2838,2.3093996787793003e-05
2839,0.023453952744603157
2840,8.468069978562198e-08
2841,0.0001361158792860806
2842,0.986663818359375
2843,0.9994780421257019
2844,0.9997122883796692
2845,0.9999384880065918
2846,0.9991726279258728
2847,1.0
2848,0.001541854115203023
2849,0.002205577678978443
2850,2.3946517103468068e-05
2851,0.00035981417750008404
2852,0.0009581503109075129
2853,0.000625890155788511
2854,1.8589027604321018e-05
2855,0.9998008608818054
2856,0.9996432065963745
2857,5.645908913720632e-06
2858,0.01377706229686737
2859,5.9904548834310845e-05
2860,0.9147962927818298
2861,0.9998724460601807
2862,0.7473206520080566
2863,0.0011415437329560518
2864,0.9999992847442627
2865,0.004836374893784523
2866,0.000736396643333137
2867,0.999685525894165
2868,0.9999767541885376
2869,0.011435926891863346
2870,0.9992989301681519
2871,0.9999997615814209
2872,1.3986743852001382e-06
2873,1.689967575657647e-05
2874,0.00036337089841254056
2875,0.9997897744178772
2876,0.9999963045120239
2877,0.9999630451202393
2878,0.9986246824264526
2879,0.9999817609786987
2880,0.00024703986127860844
2881,0.9999874830245972
2882,0.9999213218688965
2883,0.0020009626168757677
2884,0.9992616772651672
2885,0.9990806579589844
2886,2.8838137950515375e-05
2887,7.099748927430483e-06
2888,0.12231305241584778
2889,0.9999890327453613
2890,0.2075902819633484
2891,0.9997561573982239
2892,0.999992847442627
2893,0.004768091719597578
2894,0.9951317310333252
2895,0.9999715089797974
2896,5.06115566167864e-06
2897,3.7701756809838116e-05
2898,0.3735574781894684
2899,0.999721348285675
2900,0.9999942779541016
2901,0.0003189906128682196
2902,0.04163023829460144
2903,0.17440073192119598
2904,0.39512160420417786
2905,0.9993841648101807
2906,0.0001626633311389014
2907,0.9998865127563477
2908,0.5078770518302917
2909,0.0003058701695408672
2910,0.9999881982803345
2911,0.9980467557907104
2912,0.9999990463256836
2913,0.9999088048934937
2914,0.25919076800346375
2915,2.9305672342161415e-06
2916,0.9999892711639404
2917,1.9723994171272352e-07
2918,0.015477737411856651
2919,0.9996799230575562
2920,0.0002801890659611672
2921,0.08853096514940262
2922,9.007094945445715e-07
2923,0.9996685981750488
2924,0.9821500182151794
2925,0.9999966621398926
2926,0.9957329630851746
2927,0.9997876286506653
2928,0.9998138546943665
2929,0.05609789490699768
2930,0.06080073490738869
2931,0.9994906187057495
2932,0.003668982768431306
2933,1.627724304853473e-05
2934,2.77395829471061e-05
2935,7.089891369105317e-06
2936,0.999948263168335
2937,2.967338105008821e-06
2938,0.00015457061817869544
2939,0.9998816251754761
2940,0.9999217987060547
2941,0.10249008238315582
2942,0.00012829156185034662
2943,0.20781511068344116
2944,0.001722269575111568
2945,0.9999910593032837
2946,0.9998921155929565
2947,0.0001963469694601372
2948,0.9998428821563721
2949,0.9985053539276123
2950,0.9945047497749329
2951,0.9998997449874878
2952,0.9999936819076538
2953,0.0012328065931797028
2954,1.4408464267035015e-05
2955,0.05421518161892891
2956,0.9999403953552246
2957,0.0038217760156840086
2958,0.9996463060379028
2959,0.004137568175792694
2960,0.7735531330108643
2961,0.9339879155158997
2962,0.0003025886253453791
2963,0.013033567927777767
2964,0.9999889135360718
2965,0.0028582867234945297
2966,3.702513640746474e-05
2967,0.00012611076817847788
2968,1.7532764104544185e-05
2969,0.9111901521682739
2970,0.019274670630693436
2971,0.9995736479759216
2972,0.9973616003990173
2973,0.18524356186389923
2974,0.9985406398773193
2975,0.9999978542327881
2976,0.007949933409690857
2977,9.10538510652259e-05
2978,0.05064794793725014
2979,0.01778941974043846
2980,2.0203815438435413e-05
2981,0.9964044094085693
2982,0.9999467134475708
2983,1.576592512719799e-05
2984,0.9998494386672974
2985,0.003833894617855549
2986,0.003862545359879732
2987,5.775614681624575e-06
2988,0.9999980926513672
2989,5.998040069243871e-05
2990,0.9999982118606567
2991,0.00045482811401598155
2992,0.9999904632568359
2993,0.003948083613067865
2994,0.0022537484765052795
2995,0.002850651042535901
2996,0.9999656677246094
2997,4.241943315719254e-05
2998,0.9999982118606567
2999,4.460780473891646e-05
3000,0.8504305481910706
3001,0.9999984502792358
3002,0.9995051622390747
3003,0.0009962290059775114
3004,6.65439511067234e-05
3005,0.00011649456428131089
3006,0.9996780157089233
3007,0.9998125433921814
3008,1.0828737686097156e-05
3009,0.9999849796295166
3010,0.03311055526137352
3011,0.9999734163284302
3012,5.430857709143311e-05
3013,0.0015663846861571074
3014,0.0006728833541274071
3015,0.9832649827003479
3016,0.9970642924308777
3017,0.005029728636145592
3018,0.9999998807907104
3019,0.9999858140945435
3020,0.8509561419487
3021,0.9999589920043945
3022,9.352187043987215e-05
3023,5.063177741249092e-05
3024,0.9999288320541382
3025,1.5038662581901008e-07
3026,0.00019002538465429097
3027,0.020601999014616013
3028,0.9999997615814209
3029,0.999972939491272
3030,2.754456909315195e-05
3031,0.0013255790108814836
3032,0.999927282333374
3033,3.5455315810395405e-05
3034,2.479487557138782e-05
3035,9.583520295564085e-06
3036,2.0238700017216615e-05
3037,0.9430046081542969
3038,0.9968653321266174
3039,0.9999309778213501
3040,0.003952030558139086
3041,0.999991774559021
3042,0.0005576961557380855
3043,0.9999421834945679
3044,0.9999817609786987
3045,0.9997946619987488
3046,5.5909658840391785e-05
3047,1.71143765328452e-05
3048,0.0004960240912623703
3049,0.12991976737976074
3050,0.9960427284240723
3051,0.9999599456787109
3052,0.9999969005584717
3053,0.0018213149160146713
3054,0.00010273762018186972
3055,0.12345351278781891
3056,0.0003032175882253796
3057,0.9998481273651123
3058,0.00039508825284428895
3059,0.9988998174667358
3060,0.9969823956489563
3061,0.9983237385749817
3062,0.9992302656173706
3063,2.1476242181961425e-05
3064,0.9994640946388245
3065,0.9998860359191895
3066,0.9771494269371033
3067,0.00013788689102511853
3068,0.9999747276306152
3069,0.99828040599823
3070,0.9994937181472778
3071,0.0010586895514279604
3072,0.9978504180908203
3073,0.9532603621482849
3074,0.9989534616470337
3075,0.9999629259109497
3076,0.9999971389770508
3077,8.27039639261784e-06
3078,0.9999966621398926
3079,1.1129683116450906e-05
3080,3.950966402044287e-06
3081,0.0044220564886927605
3082,0.9677037596702576
3083,0.9999991655349731
3084,0.013294137082993984
3085,0.9999550580978394
3086,0.940292477607727
3087,0.00033096608240157366
3088,2.3367006178887095e-06
3089,0.9996398687362671
3090,7.73416286392603e-06
3091,6.6288521338719875e-06
3092,0.9999397993087769
3093,0.0001566199352964759
3094,0.9999566078186035
3095,0.9999945163726807
3096,0.9981606602668762
3097,0.004986971616744995
3098,1.3556232261180412e-05
3099,0.9999995231628418
3100,4.152622932451777e-05
3101,0.9999991655349731
3102,0.989425778388977
3103,0.9995070695877075
3104,0.027181115001440048
3105,0.9980618357658386
3106,0.012931966222822666
3107,0.055509790778160095
3108,0.0003002674784511328
3109,0.7847957611083984
3110,0.9992281198501587
3111,0.06908930838108063
3112,0.9998418092727661
3113,0.0026483407709747553
3114,0.999962568283081
3115,0.9969944953918457
3116,1.0
3117,0.9992941617965698
3118,4.027720024168957e-06
3119,0.9999911785125732
3120,0.9117586612701416
3121,0.00021527265198528767
3122,0.00018837112293113023
3123,0.006114149000495672
3124,0.9999222755432129
3125,0.9996821880340576
3126,0.05930427089333534
3127,0.000136203903821297
3128,0.9999957084655762
3129,0.9916765689849854
3130,0.02855932153761387
3131,0.00010545893019298092
3132,0.00355910649523139
3133,0.9999905824661255
3134,0.9991397857666016
3135,2.7736111860576784e-06
3136,0.9993563294410706
3137,0.9866642951965332
3138,0.9999978542327881
3139,0.9980775117874146
3140,0.8201313018798828
3141,0.9999969005584717
3142,0.03443017601966858
3143,0.9999779462814331
3144,3.7701288420066703e-06
3145,0.9957504272460938
3146,6.866564945084974e-06
3147,0.9999741315841675
3148,0.9995162487030029
3149,0.999922513961792
3150,0.7280702590942383
3151,0.9999997615814209
3152,0.9949848651885986
3153,0.012316398322582245
3154,0.5038092136383057
3155,0.9928505420684814
3156,0.9993688464164734
3157,0.9999996423721313
3158,3.3532235192978987e-06
3159,0.9794430136680603
3160,0.9998427629470825
3161,0.09144434332847595
3162,0.9960150122642517
3163,4.8026970034698024e-05
3164,5.6775108532747254e-05
3165,0.0029938295483589172
3166,0.9996931552886963
3167,3.99954797103419e-06
3168,0.00213273661211133
3169,0.009989411570131779
3170,0.9997935891151428
3171,0.00016582882381044328
3172,0.0002875052159652114
3173,0.00040565847302787006
3174,0.013781288638710976
3175,0.0004213507054373622
3176,0.9999921321868896
3177,6.1592045312863775e-06
3178,0.9951924085617065
3179,0.21547652781009674
3180,0.0002047138987109065
3181,0.999972939491272
3182,0.9999743700027466
3183,0.00218741362914443
3184,0.9999849796295166
3185,0.12980186939239502
3186,0.012303301133215427
3187,0.9999897480010986
3188,0.2834590673446655
3189,0.9999977350234985
3190,0.00011743019422283396
3191,0.00024974014377221465
3192,0.9999889135360718
3193,8.333846926689148e-05
3194,0.00010645231668604538
3195,0.9952174425125122
3196,0.9999884366989136
3197,0.03161470592021942
3198,0.9998695850372314
3199,4.922800144413486e-06
3200,0.9984251260757446
3201,0.9990515112876892
3202,0.001118072192184627
3203,0.9999942779541016
3204,0.9998266100883484
3205,3.961584297940135e-05
3206,0.9999996423721313
3207,0.00016144754772540182
3208,2.8120362571826263e-07
3209,0.999996542930603
3210,0.3945245146751404
3211,0.013642346486449242
3212,0.999863862991333
3213,0.00010683733853511512
3214,0.004204736556857824
3215,0.9999890327453613
3216,0.9999992847442627
3217,0.9996901750564575
3218,5.3973188187228516e-05
3219,0.001725992071442306
3220,1.640881600906141e-05
3221,0.0005471472395583987
3222,0.991152822971344
3223,0.9998714923858643
3224,0.9999942779541016
3225,0.0032840631902217865
3226,0.9999939203262329
3227,0.02993546426296234
3228,0.00011833100870717317
3229,0.9988952875137329
3230,0.0017596302786841989
3231,0.0007507432019338012
3232,6.90580636728555e-05
3233,0.0020628913771361113
3234,0.3223732113838196
3235,0.9997082352638245
3236,0.0006410894566215575
3237,0.9999916553497314
3238,0.9999639987945557
3239,0.9999966621398926
3240,0.9652608633041382
3241,0.8725879192352295
3242,2.107682121277321e-06
3243,0.9993890523910522
3244,0.9999606609344482
3245,0.9975849390029907
3246,9.677595517132431e-05
3247,0.9999814033508301
3248,0.9994600415229797
3249,0.28464072942733765
3250,0.09448607265949249
3251,0.004636548925191164
3252,0.9960427284240723
3253,0.9988521337509155
3254,0.9979481101036072
3255,8.415221964241937e-05
3256,0.004262035246938467
3257,4.058606282342225e-05
3258,0.9992227554321289
3259,0.05849301442503929
3260,0.999751627445221
3261,0.9485788345336914
3262,0.9996709823608398
3263,1.7389424101565965e-05
3264,0.9791038036346436
3265,1.9359415546205128e-06
3266,0.0013023061910644174
3267,0.2880936563014984
3268,0.0002791997685562819
3269,0.998890221118927
3270,0.31252622604370117
3271,0.0004388497327454388
3272,0.9820336699485779
3273,0.9999632835388184
3274,0.9995481371879578
3275,0.6476696133613586
3276,0.8858245611190796
3277,0.9999696016311646
3278,0.01983686536550522
3279,0.9913101196289062
3280,0.05760563164949417
3281,0.010073767974972725
3282,0.0002991009096149355
3283,0.0002235723368357867
3284,0.9507809281349182
3285,2.578118028395693e-06
3286,5.015228452975862e-05
3287,0.9999809265136719
3288,0.9999998807907104
3289,3.729964737431146e-05
3290,0.010327226482331753
3291,0.9991843104362488
3292,0.9982847571372986
3293,0.9981195330619812
3294,0.9987691044807434
3295,0.25890299677848816
3296,1.432565477443859e-05
3297,0.005763365887105465
3298,0.9999362230300903
3299,0.0002987193292938173
3300,1.1254240916969138e-06
3301,0.9999397993087769
3302,0.9988880753517151
3303,0.9999666213989258
3304,0.9959208965301514
3305,0.0033995481207966805
3306,2.0616578694898635e-05
3307,0.00014370917051564902
3308,0.9999711513519287
3309,0.9999992847442627
3310,0.9931064248085022
3311,0.21138274669647217
3312,0.9988306164741516
3313,1.1063225429097656e-05
3314,0.9999954700469971
3315,0.999984860420227
3316,0.03070468083024025
3317,0.9999139308929443
3318,8.772540604695678e-05
3319,0.11036039888858795
3320,0.08463335782289505
3321,0.9999974966049194
3322,0.003095816820859909
3323,0.9999538660049438
3324,7.273036317201331e-05
3325,0.9996967315673828
3326,0.0005064065917395055
3327,0.9999363422393799
3328,0.9996452331542969
3329,0.9999985694885254
3330,0.0011382289230823517
3331,0.9999881982803345
3332,0.006883959751576185
3333,0.0007564667030237615
3334,0.999998927116394
3335,0.0030657739844173193
3336,0.9998249411582947
3337,0.36913543939590454
3338,0.9997643828392029
3339,0.9810904860496521
3340,0.9999960660934448
3341,0.00029542457195930183
3342,0.00010742185259005055
3343,0.006813036743551493
3344,0.9999415874481201
3345,0.9997140765190125
3346,0.9571774005889893
3347,0.00018942676251754165
3348,0.006346903741359711
3349,5.194835102884099e-05
3350,0.0006612620782107115
3351,0.999937891960144
3352,0.00027519147261045873
3353,1.1613731658144388e-05
3354,1.0
3355,0.3703559339046478
3356,0.9999922513961792
3357,0.994051992893219
3358,0.984876275062561
3359,0.9998917579650879
3360,0.006924347020685673
3361,0.9999903440475464
3362,0.9999582767486572
3363,0.9991950392723083
3364,0.9997889399528503
3365,0.9200922250747681
3366,0.9992510676383972
3367,0.9999508857727051
3368,0.0058831265196204185
3369,2.9943730623926967e-05
3370,3.7436377624544548e-06
3371,0.0007903851801529527
3372,0.9999997615814209
3373,0.5137384533882141
3374,0.9999434947967529
3375,0.9998611211776733
3376,0.0016204394632950425
3377,9.26098380205076e-07
3378,0.9997254014015198
3379,0.00041139841778203845
3380,0.9999997615814209
3381,0.009778779000043869
3382,0.006791579071432352
3383,0.9964207410812378
3384,0.9999094009399414
3385,0.9999425411224365
3386,8.123067800624995e-07
3387,4.627556700143032e-05
3388,0.000763585208915174
3389,1.6511178273503901e-06
3390,9.596139534551185e-06
3391,0.999967098236084
3392,0.000606423825956881
3393,4.9320849939249456e-05
3394,1.9478349713608623e-05
3395,0.9999940395355225
3396,0.9995160102844238
3397,4.348685706645483e-06
3398,0.00020622889860533178
3399,0.9998868703842163
3400,0.9998247027397156
3401,0.9998714923858643
3402,0.0001357165747322142
3403,0.002468161517754197
3404,0.0011085030855610967
3405,0.0680430680513382
3406,0.007643551100045443
3407,0.999485969543457
3408,0.9999275207519531
3409,0.9999929666519165
3410,0.9999996423721313
3411,0.0008072142954915762
3412,0.9688889980316162
3413,0.999995231628418
3414,0.9999620914459229
3415,0.005612616892904043
3416,0.9984647035598755
3417,0.9996806383132935
3418,0.00020583697187248617
3419,0.999935507774353
3420,0.9999923706054688
3421,0.9999217987060547
3422,0.9999861717224121
3423,0.0023864894174039364
3424,0.9898862838745117
3425,0.9996086955070496
3426,0.9999772310256958
3427,0.9992427825927734
3428,0.0005568196647800505
3429,3.3110714866779745e-05
3430,0.9993164539337158
3431,0.024591678753495216
3432,0.9999334812164307
3433,0.9999679327011108
3434,0.9999960660934448
3435,0.9998061060905457
3436,0.9344240427017212
3437,0.996124804019928
3438,4.35197762271855e-05
3439,0.0015695601468905807
3440,0.1293591856956482
3441,0.9999560117721558
3442,0.9492322206497192
3443,9.049967775354162e-05
3444,0.0002110276691382751
3445,0.9999874830245972
3446,0.9999727010726929
3447,0.05053665488958359
3448,0.0024063223972916603
3449,3.7301238080544863e-06
3450,0.010061472654342651
3451,0.0006296451902016997
3452,0.9977326393127441
3453,0.002745589707046747
3454,0.9993428587913513
3455,0.999849796295166
3456,0.004654743243008852
3457,0.0004157366056460887
3458,4.1399660403840244e-05
3459,0.9999322891235352
3460,0.1288813054561615
3461,7.440811714332085e-06
3462,1.1631137795120594e-06
3463,0.0002723181096371263
3464,0.9999946355819702
3465,0.0035700032021850348
3466,0.15101337432861328
3467,0.999923825263977
3468,0.9999707937240601
3469,0.9999368190765381
3470,0.9999126195907593
3471,0.9999867677688599
3472,0.10577157884836197
3473,0.0007817090372554958
3474,0.0006337795639410615
3475,0.0002926682645920664
3476,0.0007044248632155359
3477,0.008280892856419086
3478,0.9999994039535522
3479,0.9999998807907104
3480,0.009621675126254559
3481,0.727146565914154
3482,0.9975589513778687
3483,0.0017783830408006907
3484,0.9856333136558533
3485,0.9999918937683105
3486,0.9996956586837769
3487,0.22916516661643982
3488,0.9995313882827759
3489,7.135706709959777e-07
3490,0.9999861717224121
3491,0.9999955892562866
3492,0.00010328160715289414
3493,0.00027537831920199096
3494,0.9995266199111938
3495,0.977687656879425
3496,3.368372927070595e-05
3497,0.999994158744812
3498,0.003539878875017166
3499,1.4761713828193024e-05
3500,0.8896326422691345
3501,0.0004560024244710803
3502,0.0002609540824778378
3503,0.022115666419267654
3504,0.9999330043792725
3505,1.0
3506,0.9836695194244385
3507,0.9999978542327881
3508,0.9897594451904297
3509,0.9998745918273926
3510,2.3857368432800286e-05
3511,0.9998251795768738
3512,0.9999691247940063
3513,0.0005935650551691651
3514,0.0013209707103669643
3515,0.9999032020568848
3516,3.2004692911868915e-05
3517,0.003573884954676032
3518,0.0008191308588720858
3519,0.9999059438705444
3520,0.9970320463180542
3521,0.24289725720882416
3522,0.999987006187439
3523,0.99826979637146
3524,0.9997158646583557
3525,0.00367357162758708
3526,0.9999823570251465
3527,0.9999829530715942
3528,0.9966307282447815
3529,0.9995824694633484
3530,0.9965513944625854
3531,0.026180723682045937
3532,0.9865102171897888
3533,0.016101747751235962
3534,0.02037159726023674
3535,0.9999831914901733
3536,0.9932587146759033
3537,0.01187086757272482
3538,0.9999309778213501
3539,0.9944005608558655
3540,0.0004044844245072454
3541,0.013839862309396267
3542,0.9998144507408142
3543,0.0014397179475054145
3544,0.9998925924301147
3545,0.0029270783998072147
3546,0.9999924898147583
3547,0.003778289072215557
3548,0.0001356672728434205
3549,0.15633176267147064
3550,0.9995225667953491
3551,9.998674795497209e-05
3552,0.9999808073043823
3553,5.386144721342134e-07
3554,0.9999961853027344
3555,1.5289582734112628e-05
3556,0.0002664822095539421
3557,0.9999985694885254
3558,0.9999713897705078
3559,0.8414739966392517
3560,0.0202594306319952
3561,0.0012606389354914427
3562,0.9999035596847534
3563,0.9999973773956299
3564,0.22301684319972992
3565,0.010481640696525574
3566,0.03585639223456383
3567,0.9998972415924072
3568,0.9999984502792358
3569,0.9999016523361206
3570,0.9999890327453613
3571,0.9960716962814331
3572,0.9999953508377075
3573,0.00025685972650535405
3574,0.9999529123306274
3575,6.351304182317108e-05
3576,0.00017887967987917364
3577,1.1702318261086475e-05
3578,9.329349268227816e-05
3579,0.4435189962387085
3580,0.9999243021011353
3581,0.14738212525844574
3582,0.9999078512191772
3583,7.837031716917409e-07
3584,0.0012739816447719932
3585,0.9994420409202576
3586,4.115384854230797e-06
3587,0.983405590057373
3588,0.999752938747406
3589,0.0009214819292537868
3590,0.0025770256761461496
3591,3.2195093808695674e-06
3592,0.9619930386543274
3593,0.9999997615814209
3594,7.404893040074967e-06
3595,0.9999686479568481
3596,0.9994934797286987
3597,3.223626845283434e-05
3598,0.2570453882217407
3599,0.5650440454483032
3600,0.9998745918273926
3601,0.9999992847442627
3602,2.0716421204269864e-05
3603,0.01071271114051342
3604,0.022332973778247833
3605,0.0001774242555256933
3606,0.999993085861206
3607,0.0009634900488890707
3608,0.9957024455070496
3609,0.000500673137139529
3610,0.9999996423721313
3611,7.223546708701178e-05
3612,2.898940010709339e-06
3613,0.9999145269393921
3614,0.01475862693041563
3615,0.9975069165229797
3616,0.040360961109399796
3617,0.002019536681473255
3618,0.0012498826254159212
3619,0.4650747776031494
3620,0.0014042010297998786
3621,0.9999674558639526
3622,0.0007671630592085421
3623,0.9997162222862244
3624,0.00015010210336185992
3625,0.9094321131706238
3626,0.9999994039535522
3627,0.9981164932250977
3628,0.006033736746758223
3629,0.07652345299720764
3630,0.9980323910713196
3631,0.9984630346298218
3632,0.9912159442901611
3633,0.999305009841919
3634,0.9999980926513672
3635,3.2829641440912383e-06
3636,1.935251748363953e-05
3637,0.9763396978378296
3638,0.00023549929028376937
3639,0.0004991635796613991
3640,0.8873462080955505
3641,0.999981164932251
3642,0.9908958077430725
3643,0.7809509634971619
3644,0.00011087444727309048
3645,0.6541672945022583
3646,0.9998425245285034
3647,0.000753610918764025
3648,0.9999979734420776
3649,1.9456774680293165e-06
3650,0.9995057582855225
3651,0.44088244438171387
3652,0.007339355070143938
3653,0.9999920129776001
3654,6.329658208414912e-05
3655,0.9999992847442627
3656,0.045520514249801636
3657,4.750210791826248e-05
3658,0.999998927116394
3659,0.9999978542327881
3660,0.32187381386756897
3661,0.9880825281143188
3662,0.3229160010814667
3663,0.033657003194093704
3664,0.9984307885169983
3665,0.0002482653653714806
3666,0.00046641691005788743
3667,0.00048078736290335655
3668,0.013386815786361694
3669,0.9998601675033569
3670,0.006967113818973303
3671,0.012713230215013027
3672,1.7435353356631822e-06
3673,0.007747306488454342
3674,0.999054491519928
3675,0.999994158744812
3676,0.9999995231628418
3677,0.7477747797966003
3678,0.0002656063297763467
3679,0.0001760714949341491
3680,0.9999191761016846
3681,0.0002000851818593219
3682,0.9999980926513672
3683,3.233196466112531e-08
3684,0.5043008923530579
3685,0.000733364257030189
3686,1.9572495148167945e-05
3687,0.004993193317204714
3688,0.9999953508377075
3689,0.004300198517739773
3690,0.9579769968986511
3691,0.015614238567650318
3692,0.0007008817628957331
3693,0.9999727010726929
3694,0.0014663732144981623
3695,0.0005869423621334136
3696,0.00019909389084205031
3697,0.9999533891677856
3698,9.411612154508475e-06
3699,0.00016133644385263324
3700,4.172848639427684e-05
3701,0.9997194409370422
3702,4.106758933630772e-05
3703,0.02019551955163479
3704,4.627813268598402e-06
3705,1.1537032150954474e-05
3706,0.9999229907989502
3707,0.9999977350234985
3708,0.9999178647994995
3709,0.05736692622303963
3710,0.9986751675605774
3711,0.015220479108393192
3712,1.7901768387673656e-06
3713,0.9999918937683105
3714,0.061792951077222824
3715,0.999996542930603
3716,0.9944994449615479
3717,0.9999147653579712
3718,0.9819528460502625
3719,0.999996542930603
3720,0.001220046659000218
3721,0.014315968379378319
3722,0.9993688464164734
3723,0.00032983935670927167
3724,0.1941763162612915
3725,3.2743255360401236e-06
3726,0.0008346026297658682
3727,0.0033805074635893106
3728,0.000719705130904913
3729,5.308409163262695e-05
3730,0.04093959927558899
3731,1.795940443116706e-05
3732,0.3620876371860504
3733,8.332559445989318e-06
3734,0.9999780654907227
3735,0.526260495185852
3736,0.9999923706054688
3737,6.442649464588612e-06
3738,1.5858029655646533e-05
3739,0.9999810457229614
3740,3.614027809817344e-05
3741,0.9999905824661255
3742,0.9995280504226685
3743,0.00017245773051399738
3744,0.9997401833534241
3745,2.3317887098528445e-05
3746,0.002718738280236721
3747,0.001220782520249486
3748,0.0007510787690989673
3749,0.9996625185012817
3750,0.8854286670684814
3751,0.9965569972991943
3752,0.9999945163726807
3753,0.0007316936971619725
3754,0.9998792409896851
3755,0.9830639958381653
3756,0.9703390002250671
3757,0.8229110836982727
3758,0.999518632888794
3759,3.4617121400515316e-06
3760,0.004442085046321154
3761,0.9994431138038635
3762,1.8869735640691943e-06
3763,0.002531951991841197
3764,0.0026400804053992033
3765,0.9999932050704956
3766,0.00046898011351004243
3767,0.00031346161267720163
3768,0.9736776947975159
3769,8.334544691024348e-05
3770,0.999910831451416
3771,0.9705027937889099
3772,0.9989908337593079
3773,0.11068560928106308
3774,0.9999854564666748
3775,0.9848930835723877
3776,0.2239837646484375
3777,0.049312103539705276
3778,0.999990701675415
3779,4.691666617873125e-05
3780,0.9999994039535522
3781,0.0006818822585046291
3782,0.6497487425804138
3783,0.9999573230743408
3784,0.9999967813491821
3785,0.9999935626983643
3786,0.00013158949150238186
3787,0.9996966123580933
3788,0.9976056814193726
3789,0.9999918937683105
3790,0.0026877832133322954
3791,0.0037243084516376257
3792,0.9999991655349731
3793,0.9970575571060181
3794,0.9996022582054138
3795,0.9996066689491272
3796,2.3753735149512067e-05
3797,0.95787113904953
3798,0.0014873631298542023
3799,0.9999914169311523
3800,0.9980746507644653
3801,0.9999995231628418
3802,0.9608219861984253
3803,0.9977577328681946
3804,4.698723569163121e-05
3805,0.999268114566803
3806,0.9998726844787598
3807,0.9999313354492188
3808,0.9999902248382568
3809,0.9997351765632629
3810,0.9999955892562866
3811,0.9999910593032837
3812,0.999990701675415
3813,0.9999679327011108
3814,0.9975195527076721
3815,0.0009354990324936807
3816,0.9999765157699585
3817,0.9988806843757629
3818,0.9873082041740417
3819,0.9881383776664734
3820,0.9997299313545227
3821,8.471214641758706e-06
3822,5.1647039072122425e-05
3823,0.9958756566047668
3824,0.8744667172431946
3825,0.08557721972465515
3826,0.9999518394470215
3827,0.9999724626541138
3828,0.9993465542793274
3829,0.9999996423721313
3830,2.684195715119131e-05
3831,4.731737590191187e-06
3832,0.00308997998945415
3833,0.9998546838760376
3834,0.0009411564096808434
3835,1.1481604815344326e-05
3836,0.9198874235153198
3837,0.14608430862426758
3838,0.9962138533592224
3839,0.0012999559985473752
3840,0.00014350417768582702
3841,0.026078129187226295
3842,0.002840682864189148
3843,6.694671901641414e-05
3844,0.9999618530273438
3845,0.024376144632697105
3846,0.44615495204925537
3847,0.003025524318218231
3848,0.9122209548950195
3849,0.9999955892562866
3850,4.074599019077141e-06
3851,0.052844710648059845
3852,0.0015018379781395197
3853,0.03030329756438732
3854,0.011503566987812519
3855,0.9998340606689453
3856,1.9378923752810806e-05
3857,4.5444347051670775e-05
3858,0.9998014569282532
3859,8.936917197388539e-07
3860,0.9985509514808655
3861,0.00030352588510140777
3862,0.9991185069084167
3863,0.0001132309262175113
3864,0.002821346279233694
3865,0.003180047497153282
3866,0.00047083807294256985
3867,0.9977564215660095
3868,4.4822038034908473e-05
3869,2.7203561330679804e-05
3870,0.43966835737228394
3871,0.014188670553267002
3872,8.215865250349452e-07
3873,0.0001361990871373564
3874,0.9999997615814209
3875,0.9999071359634399
3876,6.14279560977593e-05
3877,0.9999649524688721
3878,0.000328767579048872
3879,0.0027471701614558697
3880,2.2390488084056415e-05
3881,0.014571757055819035
3882,0.9930639863014221
3883,0.0004203881835564971
3884,0.9999992847442627
3885,8.174355571100023e-06
3886,0.0063608004711568356
3887,0.00020128916366957128
3888,0.00017610589566174895
3889,0.007734037935733795
3890,2.0543882783385925e-05
3891,0.9999973773956299
3892,1.8005828678724356e-05
3893,0.9999574422836304
3894,0.9999985694885254
3895,6.515329732792452e-05
3896,0.9994860887527466
3897,0.9999886751174927
3898,0.000129038977320306
3899,0.9999487400054932
3900,0.00016537563351448625
3901,6.868424407002749e-07
3902,0.00011924147111130878
3903,0.0002723448851611465
3904,0.9999381303787231
3905,0.9999572038650513
3906,0.898219645023346
3907,0.99440997838974
3908,0.9984883069992065
3909,0.999349057674408
3910,0.9952501058578491
3911,0.007449098397046328
3912,0.001661177957430482
3913,0.999743640422821
3914,0.9999266862869263
3915,0.9999786615371704
3916,0.0292031429708004
3917,0.9999960660934448
3918,0.9999996423721313
3919,0.999869704246521
3920,1.911258186737541e-05
3921,0.999998927116394
3922,0.9671415686607361
3923,0.9999854564666748
3924,0.9999943971633911
3925,1.0
3926,0.9999316930770874
3927,0.9999693632125854
3928,0.937202513217926
3929,0.9999735355377197
3930,0.020235132426023483
3931,0.9657663702964783
3932,4.2868265154538676e-05
3933,0.9999207258224487
3934,0.342029869556427
3935,0.00477213691920042
3936,9.786440386960749e-06
3937,0.991036057472229
3938,0.6312534213066101
3939,0.9999878406524658
3940,0.9999792575836182
3941,0.996297299861908
3942,0.9999996423721313
3943,0.9999822378158569
3944,0.031126368790864944
3945,0.9999750852584839
3946,0.9915491342544556
3947,0.9995704293251038
3948,0.9999103546142578
3949,0.9982767105102539
3950,0.9999932050704956
3951,3.489899245323613e-05
3952,0.9994785189628601
3953,0.03324785828590393
3954,0.9998898506164551
3955,0.9978296160697937
3956,0.9999467134475708
3957,0.0004716990515589714
3958,0.0001119249063776806
3959,2.0102930648135953e-05
3960,0.9971960783004761
3961,0.9999221563339233
3962,0.9999326467514038
3963,0.00035284640034660697
3964,0.0004111799644306302
3965,0.9998307228088379
3966,0.9999752044677734
3967,0.9974291920661926
3968,0.9995129108428955
3969,0.9999183416366577
3970,0.20035333931446075
3971,0.0002675177529454231
3972,0.9997463822364807
3973,0.9974852800369263
3974,0.9937973618507385
3975,0.38175252079963684
3976,1.4046177057025488e-05
3977,0.00018846274178940803
3978,0.030082976445555687
3979,0.9998868703842163
3980,0.025936530902981758
3981,0.9999057054519653
3982,0.0007112472085282207
3983,4.366867869975977e-06
3984,0.9606591463088989
3985,0.9999390840530396
3986,0.9385222792625427
3987,0.030627109110355377
3988,0.9999516010284424
3989,0.9985308647155762
3990,0.9998553991317749
3991,0.03904442861676216
3992,3.839791679638438e-05
3993,0.00030042525031603873
3994,2.9388453185674734e-05
3995,0.001225041109137237
3996,0.9987439513206482
3997,0.9999489784240723
3998,0.9677575826644897
3999,0.9984286427497864
4000,8.76282574608922e-05
4001,0.9995884299278259
4002,0.09631761163473129
4003,2.2905238438397646e-05
4004,0.0032880876678973436
4005,0.0009115131688304245
4006,0.9999847412109375
4007,0.0013950444990769029
4008,0.000938127632252872
4009,0.9963250756263733
4010,0.00027227139798924327
4011,0.00038263227907009423
4012,0.024243073537945747
4013,0.006611770484596491
4014,0.00022686159354634583
4015,1.0279529305989854e-05
4016,0.10439226031303406
4017,0.26151371002197266
4018,2.1115845811436884e-05
4019,5.510656410478987e-05
4020,0.0037953767459839582
4021,0.9997699856758118
4022,0.00011926420120289549
4023,0.9999982118606567
4024,0.9999212026596069
4025,0.9996044039726257
4026,0.998146653175354
4027,0.9999817609786987
4028,0.22781862318515778
4029,0.0008033897029235959
4030,0.0011415716726332903
4031,0.9999066591262817
4032,0.9980290532112122
4033,0.9999613761901855
4034,0.00021694869792554528
4035,2.1926751287537627e-05
4036,0.9988701939582825
4037,4.83458325106767e-06
4038,0.00047802538028918207
4039,0.2375110387802124
4040,0.999975323677063
4041,0.4970899820327759
4042,0.9999004602432251
4043,0.9999920129776001
4044,0.9999581575393677
4045,2.220431042587734e-06
4046,8.73422686709091e-05
4047,8.548545883968472e-05
4048,0.0006088457885198295
4049,0.9999982118606567
4050,0.9999043941497803
4051,0.0003486021014396101
4052,6.0917642258573323e-05
4053,0.9999992847442627
4054,0.9999902248382568
4055,0.9947987794876099
4056,0.02487676590681076
4057,0.9999922513961792
4058,0.09444347769021988
4059,0.09818781912326813
4060,1.3609224879473913e-05
4061,8.550233906134963e-05
4062,0.9998728036880493
4063,0.999843955039978
4064,7.90180729381973e-06
4065,0.01415986567735672
4066,0.4179859757423401
4067,0.999656081199646
4068,0.0032896739430725574
4069,0.9998816251754761
4070,0.00016607680299784988
4071,0.9999969005584717
4072,0.9999744892120361
4073,0.9999998807907104
4074,0.0006174971931613982
4075,0.0014558016555383801
4076,2.8960972485947423e-05
4077,0.9998177886009216
4078,0.0357324443757534
4079,0.0016369482036679983
4080,0.923549234867096
4081,0.15263766050338745
4082,0.9981327652931213
4083,0.9997410178184509
4084,4.255506610206794e-06
4085,0.02439635992050171
4086,0.9996311664581299
4087,0.02646518126130104
4088,0.040837425738573074
4089,0.9977759718894958
4090,0.9896196722984314
4091,0.9999959468841553
4092,0.999981164932251
4093,6.858789447505842e-07
4094,1.4984638255555183e-05
4095,0.9999755620956421
4096,0.009112896397709846
4097,0.0007418589666485786
4098,0.0006708714063279331
4099,0.9999815225601196
4100,1.3228171155788004e-05
4101,2.143488745787181e-05
4102,0.9999984502792358
4103,0.9996652603149414
4104,0.9995948672294617
4105,0.005600529257208109
4106,1.6676895029377192e-05
4107,0.9999759197235107
4108,0.9996140599250793
4109,0.036020442843437195
4110,0.9999977350234985
4111,0.0004442291974555701
4112,5.1393668400123715e-05
4113,0.9994165897369385
4114,1.4162550314722466e-06
4115,0.00013389872037805617
4116,0.9999157190322876
4117,0.0877021923661232
4118,0.009906058199703693
4119,2.107458385580685e-05
4120,0.00017332025163341314
4121,0.9996675252914429
4122,0.9930035471916199
4123,0.00016530201537534595
4124,7.897738396422938e-05
4125,0.9999727010726929
4126,0.9999899864196777
4127,0.0024143231566995382
4128,0.00011893633200088516
4129,0.4252687394618988
4130,0.9999984502792358
4131,0.999829888343811
4132,0.9964343309402466
4133,0.00036178622394800186
4134,2.9775555958622135e-05
4135,0.9883882403373718
4136,0.9999923706054688
4137,0.00014883422409184277
4138,0.9880374670028687
4139,0.00023982813581824303
4140,0.0004437424649950117
4141,0.9872691631317139
4142,0.9999239444732666
4143,0.9999083280563354
4144,0.9999533891677856
4145,0.9999206066131592
4146,0.0009465727489441633
4147,4.389632522361353e-05
4148,0.00015681509103160352
4149,1.1542094568994798e-07
4150,0.0021030146162956953
4151,2.2575841285288334e-06
4152,0.9984583854675293
4153,0.0007206031586974859
4154,2.6745245122583583e-05
4155,0.9933317303657532
4156,0.00023567899188492447
4157,0.04668122157454491
4158,5.734771548304707e-05
4159,5.7178021961590275e-06
4160,6.9588961196132e-05
4161,0.9998517036437988
4162,4.808860467164777e-06
4163,0.00013179164670873433
4164,0.9998140931129456
4165,0.9999586343765259
4166,0.9999998807907104
4167,2.0861347366007976e-05
4168,0.3941059708595276
4169,7.880812336225063e-05
4170,0.9999995231628418
4171,0.9997150301933289
4172,2.58650143223349e-05
4173,0.9997135996818542
4174,0.9986326098442078
4175,0.9999526739120483
4176,0.9998611211776733
4177,0.9999908208847046
4178,0.9914229512214661
4179,0.40289831161499023
4180,0.9996044039726257
4181,8.569978672312573e-05
4182,0.0007173150661401451
4183,4.198310762149049e-06
4184,0.0012230667052790523
4185,4.8522047109145205e-06
4186,0.9997259974479675
4187,9.577571472618729e-05
4188,3.660196307464503e-05
4189,0.0011663929326459765
4190,0.9977278113365173
4191,0.9939510822296143
4192,0.9999810457229614
4193,0.8408837914466858
4194,0.9999969005584717
4195,0.9907740950584412
4196,0.9999005794525146
4197,5.5976608564378694e-05
4198,0.9923938512802124
4199,0.9980195760726929
4200,0.48584750294685364
4201,1.8858525436371565e-05
4202,0.0006851340876892209
4203,0.9941417574882507
4204,3.114382707281038e-05
4205,0.0025378717109560966
4206,0.9999923706054688
4207,0.005193638149648905
4208,0.977712869644165
4209,0.00016449666873086244
4210,0.9999985694885254
4211,0.00026929497835226357
4212,0.005516107194125652
4213,0.0007203065324574709
4214,9.746944124344736e-05
4215,0.9996790885925293
4216,0.9998544454574585
4217,0.0025795469991862774
4218,0.9999996423721313
4219,0.9999876022338867
4220,0.0029460014775395393
4221,0.03303227573633194
4222,0.09654702246189117
4223,0.999990701675415
4224,0.9996767044067383
4225,0.0019323804881423712
4226,0.001915200729854405
4227,0.0003262920363340527
4228,1.2340750799921807e-05
4229,0.9999351501464844
4230,0.9999978542327881
4231,0.9999932050704956
4232,0.003899783594533801
4233,0.997348427772522
4234,0.9644165635108948
4235,0.9983999133110046
4236,6.418425618903711e-05
4237,0.9999597072601318
4238,0.7700628042221069
4239,0.009952183812856674
4240,0.9998778104782104
4241,0.01031745970249176
4242,0.9999831914901733
4243,0.9999407529830933
4244,0.005740691442042589
4245,0.9999502897262573
4246,0.9996505975723267
4247,0.9999967813491821
4248,0.8040890097618103
4249,0.0008963305735960603
4250,1.5044577594380826e-05
4251,0.9999966621398926
4252,0.9995119571685791
4253,0.0007173307822085917
4254,1.982173898795736e-06
4255,0.9999902248382568
4256,0.04531489685177803
4257,0.999887228012085
4258,0.9999208450317383
4259,0.9998984336853027
4260,0.9999473094940186
4261,0.9926742911338806
4262,0.7869942784309387
4263,3.172584911226295e-05
4264,0.9999966621398926
4265,0.9083796143531799
4266,0.0037541722413152456
4267,0.9999408721923828
4268,0.9988896250724792
4269,5.236497031546605e-07
4270,0.003866025246679783
4271,1.8939555957331322e-05
4272,0.9999017715454102
4273,0.0033807840663939714
4274,0.9999932050704956
4275,0.7772334218025208
4276,0.20208518207073212
4277,0.00035166667657904327
4278,7.562696555396542e-05
4279,3.8718226846867765e-07
4280,0.001318181399255991
4281,0.006905403919517994
4282,0.9999890327453613
4283,0.00011924431601073593
4284,0.0013295409735292196
4285,0.12695863842964172
4286,0.008321454748511314
4287,0.9997993111610413
4288,3.7583718039968517e-06
4289,0.9991142153739929
4290,0.9999998807907104
4291,1.312569384026574e-05
4292,0.0006439288845285773
4293,0.00254509667865932
4294,0.9997826218605042
4295,0.9999998807907104
4296,1.2055064871674404e-05
4297,0.9999847412109375
4298,0.004994053393602371
4299,0.999996542930603
4300,0.9961710572242737
4301,0.001036916277371347
4302,0.9972129464149475
4303,0.9988388419151306
4304,0.9999442100524902
4305,0.8789307475090027
4306,0.008710485883057117
4307,0.9998430013656616
4308,0.004920551087707281
4309,0.9999980926513672
4310,0.01942305453121662
4311,0.12796945869922638
4312,0.11354172229766846
4313,8.699485988472588e-06
4314,0.9998257756233215
4315,0.9999165534973145
4316,0.9956631064414978
4317,0.9998453855514526
4318,0.001269650412723422
4319,0.9999070167541504
4320,0.011269197799265385
4321,0.9725767970085144
4322,0.9999982118606567
4323,0.6500416994094849
4324,3.917501089745201e-05
4325,0.9982686042785645
4326,0.00040696997893974185
4327,0.9999992847442627
4328,0.9999260902404785
4329,0.00013903010403737426
4330,0.999994158744812
4331,0.00252375565469265
4332,0.00031041333568282425
4333,0.999988317489624
4334,0.9993146657943726
4335,0.9999173879623413
4336,0.9998412132263184
4337,1.459833409711564e-08
4338,0.9993767142295837
4339,1.4748289686394855e-05
4340,0.8183407187461853
4341,0.9975098371505737
4342,0.9998739957809448
4343,0.9886488318443298
4344,0.9999967813491821
4345,9.449511708226055e-06
4346,0.001609348808415234
4347,0.9991447925567627
4348,0.0013820022577419877
4349,0.9958229064941406
4350,0.9999592304229736
4351,0.8871480226516724
4352,0.9999924898147583
4353,0.999116837978363
4354,0.9989668130874634
4355,0.00012763716222252697
4356,0.010785751976072788
4357,0.9930651187896729
4358,0.9853294491767883
4359,0.012730383314192295
4360,0.8402126431465149
4361,0.0006100952159613371
4362,0.9999986886978149
4363,0.03916611522436142
4364,0.00027187063824385405
4365,0.0007590320310555398
4366,0.004734829533845186
4367,0.9999850988388062
4368,0.00030463916482403874
4369,0.9999740123748779
4370,0.9984338879585266
4371,0.00011730316327884793
4372,2.892563543355209e-06
4373,3.8156849768711254e-05
4374,2.683076900211745e-06
4375,0.9997832179069519
4376,8.618298306828365e-05
4377,0.010430950671434402
4378,0.999988317489624
4379,8.616260311100632e-05
4380,0.0027753820177167654
4381,0.014509864151477814
4382,0.0015415671514347196
4383,0.9986843466758728
4384,0.0014497890369966626
4385,0.9999874830245972
4386,0.02213112637400627
4387,0.0026150906924158335
4388,0.9981663823127747
4389,0.00010027683310909197
4390,0.9999998807907104
4391,0.9994239807128906
4392,8.075701771304011e-06
4393,0.9996330738067627
4394,0.0036320004146546125
4395,0.0023207159247249365
4396,0.9990206956863403
4397,0.9999679327011108
4398,4.0682818507775664e-05
4399,0.03792040795087814
4400,0.9995146989822388
4401,0.9985331296920776
4402,0.00023531728948000818
4403,4.058922968397383e-06
4404,0.9993239641189575
4405,0.9999682903289795
4406,0.9998561143875122
4407,0.9851540923118591
4408,0.9999934434890747
4409,0.9998629093170166
4410,0.9997468590736389
4411,0.9999998807907104
4412,6.10195593253593e-06
4413,0.9999932050704956
4414,2.4746702820266364e-06
4415,0.9995768666267395
4416,0.9995218515396118
4417,0.9999626874923706
4418,0.003259634831920266
4419,0.024049345403909683
4420,0.9920097589492798
4421,0.9999997615814209
4422,0.9999463558197021
4423,0.0007460702327080071
4424,0.9999943971633911
4425,1.3242042768979445e-05
4426,0.9999990463256836
4427,0.9996190071105957
4428,0.0003968692326452583
4429,0.9999979734420776
4430,0.9999998807907104
4431,0.00213298830203712
4432,0.9980199337005615
4433,0.0005234011332504451
4434,0.99988853931427
4435,0.00024322610988747329
4436,0.9997379183769226
4437,0.9999305009841919
4438,0.1915624886751175
4439,0.9999436140060425
4440,0.0015302423853427172
4441,0.0020836556795984507
4442,0.5602295398712158
4443,0.9999476671218872
4444,2.634954944369383e-05
4445,0.0006451043300330639
4446,0.19853132963180542
4447,0.9999958276748657
4448,4.78119618492201e-05
4449,1.6187226719921455e-05
4450,0.0010008065728470683
4451,0.9994749426841736
4452,0.9996097683906555
4453,0.04949153587222099
4454,0.0004402888298500329
4455,4.488020567805506e-05
4456,0.9999998807907104
4457,0.9999964237213135
4458,0.0005237674922682345
4459,0.020265422761440277
4460,0.009771180339157581
4461,0.046748943626880646
4462,0.6417737603187561
4463,0.004027096088975668
4464,0.9957832098007202
4465,0.9946531057357788
4466,0.9939980506896973
4467,0.9999958276748657
4468,0.9999662637710571
4469,0.9518908858299255
4470,8.266331860795617e-05
4471,0.996654748916626
4472,0.9999890327453613
4473,0.9999983310699463
4474,0.000592316035181284
4475,1.7495298152425676e-06
4476,0.009616252966225147
4477,7.930575520731509e-05
4478,0.991894543170929
4479,0.16835910081863403
4480,0.9951007962226868
4481,0.00047485000686720014
4482,0.1001589372754097
4483,0.9960421323776245
4484,7.224647902148718e-07
4485,1.0341277629777323e-05
4486,0.2940324544906616
4487,3.619994822656736e-05
4488,0.00011505652219057083
4489,0.0005897771334275603
4490,0.7947133779525757
4491,0.997054934501648
4492,0.9999974966049194
4493,0.00012060201697750017
4494,0.9997490048408508
4495,0.0007436582818627357
4496,0.0011584061430767179
4497,1.52255859120487e-06
4498,0.9998996257781982
4499,0.9999970197677612
4500,3.4869382943725213e-05
4501,0.9999842643737793
4502,0.9999910593032837
4503,0.3307948410511017
4504,9.191699064103886e-05
4505,0.008793170563876629
4506,0.02279752679169178
4507,0.0010477014584466815
4508,0.0002214366541011259
4509,0.000178109054104425
4510,1.221825004904531e-05
4511,0.999574601650238
4512,0.9963120818138123
4513,0.001554640126414597
4514,0.00880508404225111
4515,0.998553454875946
4516,0.9988126754760742
4517,0.0004064539389219135
4518,0.9896981120109558
4519,2.8782089430023916e-05
4520,0.9999550580978394
4521,0.00019845990755129606
4522,0.002473305445164442
4523,0.0013166957069188356
4524,4.788933892996283e-06
4525,1.609284481673967e-05
4526,0.9973863959312439
4527,0.0065367999486625195
4528,0.009966636076569557
4529,2.002521068789065e-05
4530,7.089424798323307e-06
4531,0.9999881982803345
4532,0.002121414989233017
4533,1.9243274437030777e-05
4534,0.0010288400808349252
4535,0.9949557185173035
4536,0.0004316987469792366
4537,0.9999961853027344
4538,0.0006487619830295444
4539,0.999991774559021
4540,0.004705365747213364
4541,0.9999996423721313
4542,0.008511455729603767
4543,0.999997615814209
4544,0.2551954984664917
4545,0.0020615563262254
4546,0.9880800843238831
4547,0.9552541375160217
4548,0.9999972581863403
4549,0.007293923757970333
4550,5.2614985179388896e-05
4551,0.9998346567153931
4552,1.836335172811232e-06
4553,0.001904841628856957
4554,0.9999396800994873
4555,6.928258517291397e-05
4556,0.00021706083498429507
4557,0.00016379173030145466
4558,0.9712238311767578
4559,0.9999849796295166
4560,9.801450505619869e-05
4561,2.6326995794079266e-05
4562,0.999977707862854
4563,0.01883275993168354
4564,0.9995688796043396
4565,7.5925618148176e-06
4566,0.9999983310699463
4567,0.9998633861541748
4568,0.0014253257540985942
4569,0.0004565363051369786
4570,0.9972729086875916
4571,0.9882062077522278
4572,3.963744893553667e-05
4573,0.9969612956047058
4574,0.9946876764297485
4575,0.9999560117721558
4576,2.12013183045201e-05
4577,0.9999918937683105
4578,0.9998348951339722
4579,0.2968222200870514
4580,0.7596972584724426
4581,0.9983536005020142
4582,1.8151522453990765e-06
4583,0.004619187209755182
4584,4.1499704821035266e-05
4585,0.004814408253878355
4586,0.9975549578666687
4587,6.311714514595224e-06
4588,0.9995895028114319
4589,2.3989536202861927e-05
4590,0.9999570846557617
4591,1.1816616279247683e-05
4592,0.16289031505584717
4593,0.9574283361434937
4594,0.9999974966049194
4595,1.7492478946223855e-05
4596,0.9999943971633911
4597,5.288452484819572e-06
4598,0.9999961853027344
4599,0.9999967813491821
4600,0.00010491128341527656
4601,0.002677678130567074
4602,0.9999850988388062
4603,0.993195652961731
4604,0.0005526858731172979
4605,0.2370373010635376
4606,0.9999080896377563
4607,0.0911857932806015
4608,0.00011056666699005291
4609,0.004181719850748777
4610,4.1190156480297446e-05
4611,0.00036973849637433887
4612,0.0003572808054741472
4613,0.00019475500448606908
4614,0.018759604543447495
4615,0.9964445233345032
4616,0.9999639987945557
4617,0.907749354839325
4618,0.9997816681861877
4619,0.10655885189771652
4620,0.002074664458632469
4621,8.118651021504775e-05
4622,0.9999947547912598
4623,0.9999561309814453
4624,0.9996009469032288
4625,0.03343689814209938
4626,0.9999605417251587
4627,0.9996169805526733
4628,0.9999988079071045
4629,0.00030622261692769825
4630,0.9966750144958496
4631,0.998489499092102
4632,4.250560232321732e-05
4633,0.0005371673032641411
4634,0.00011969646584475413
4635,0.999054491519928
4636,0.9663196206092834
4637,0.9936925172805786
4638,3.359567699590116e-06
4639,0.0012443767627701163
4640,0.9999997615814209
4641,0.9950437545776367
4642,0.9701921343803406
4643,0.9995458722114563
4644,0.0008834009640850127
4645,8.2081496657338e-06
4646,0.9947658777236938
4647,0.9999620914459229
4648,7.356004789471626e-05
4649,0.9998846054077148
4650,0.9924477338790894
4651,0.9999856948852539
4652,0.9695084691047668
4653,0.004427934531122446
4654,0.9995962977409363
4655,3.4104451174243877e-07
4656,0.9967445135116577
4657,2.0367399145015952e-07
4658,6.610040873056278e-05
4659,0.0027438513934612274
4660,0.000548856274690479
4661,0.0012049829820170999
4662,1.0161610362047213e-06
4663,2.2163387257023714e-05
4664,0.9999978542327881
4665,0.9994044303894043
4666,0.9999784231185913
4667,0.9999781847000122
4668,0.9999995231628418
4669,0.9819170832633972
4670,8.40628708829172e-05
4671,0.9999998807907104
4672,0.0022747924085706472
4673,0.03257264196872711
4674,0.9998509883880615
4675,0.9999946355819702
4676,0.9999845027923584
4677,0.9998843669891357
4678,0.00014876355999149382
4679,0.9991495609283447
4680,0.9981467723846436
4681,2.1604155335808173e-05
4682,0.0002725459053181112
4683,5.629335282719694e-05
4684,0.4787057340145111
4685,0.9999762773513794
4686,2.557280458859168e-05
4687,0.2912183403968811
4688,0.010426207445561886
4689,0.9990196228027344
4690,6.470669177360833e-05
4691,0.9999918937683105
4692,2.6278934456058778e-05
4693,0.9999984502792358
4694,5.015394890506286e-06
4695,1.2131574294471648e-05
4696,0.1532122790813446
4697,0.002678496763110161
4698,0.9791809320449829
4699,0.9998428821563721
4700,0.9989572763442993
4701,0.009901700541377068
4702,0.9618698954582214
4703,2.648877489264123e-05
4704,6.999530796747422e-06
4705,0.7830348014831543
4706,0.00027526597841642797
4707,0.0027747219428420067
4708,0.9546471834182739
4709,0.9985879063606262
4710,0.9999998807907104
4711,0.9995675683021545
4712,9.241466614184901e-06
4713,0.9997647404670715
4714,0.9825021028518677
4715,0.9967190623283386
4716,0.026060236617922783
4717,0.9998569488525391
4718,0.9999959468841553
4719,0.0012581469491124153
4720,0.9998949766159058
4721,0.00026990906917490065
4722,3.925885903299786e-05
4723,0.9999864101409912
4724,0.9999887943267822
4725,0.06592575460672379
4726,0.9999995231628418
4727,0.10822032392024994
4728,0.00045505320304073393
4729,0.9999997615814209
4730,0.9948229789733887
4731,0.999983549118042
4732,0.9499608278274536
4733,0.9978352189064026
4734,0.9991262555122375
4735,0.3454012870788574
4736,0.9994326233863831
4737,0.9999432563781738
4738,0.9999085664749146
4739,0.049656305462121964
4740,4.886750275545637e-07
4741,2.458836570440326e-05
4742,1.2481764315452892e-05
4743,0.9832242727279663
4744,0.9962026476860046
4745,0.9912630319595337
4746,0.9981372356414795
4747,0.999849796295166
4748,0.9634122848510742
4749,3.934904088964686e-05
4750,0.9998421669006348
4751,0.0019098252523690462
4752,0.0025909324176609516
4753,0.35322368144989014
4754,0.03615419566631317
4755,0.9999980926513672
4756,0.9999874830245972
4757,0.999997615814209
4758,0.00033557909773662686
4759,0.0017255109269171953
4760,0.00010852538980543613
4761,0.00015878041449468583
4762,0.17059360444545746
4763,0.9999910593032837
4764,0.004016568418592215
4765,0.9999986886978149
4766,0.07289763540029526
4767,0.9999163150787354
4768,0.0007029253174550831
4769,1.8519012883189134e-05
4770,1.322347998211626e-05
4771,0.9999384880065918
4772,0.9999761581420898
4773,0.9999643564224243
4774,0.9999947547912598
4775,0.012894130311906338
4776,0.004752025939524174
4777,0.005225370638072491
4778,0.9957980513572693
4779,2.8231923351995647e-05
4780,0.9999394416809082
4781,4.533493211056339e-06
4782,0.9999747276306152
4783,0.9999139308929443
4784,0.9999579191207886
4785,0.0038950147572904825
4786,0.9946091175079346
4787,0.921424388885498
4788,0.9999926090240479
4789,0.07915959507226944
4790,0.999651312828064
4791,0.9999939203262329
4792,0.9999889135360718
4793,2.311814751010388e-05
4794,0.9994592070579529
4795,0.9915066361427307
4796,0.0007070733699947596
4797,0.9999483823776245
4798,0.006935399491339922
4799,0.9999512434005737
4800,0.0002986817271448672
4801,0.9999818801879883
4802,0.9999812841415405
4803,0.9999759197235107
4804,0.9961113333702087
4805,0.9998733997344971
4806,0.00407338235527277
4807,2.0233970644767396e-05
4808,0.9877095222473145
4809,0.0001838536118157208
4810,5.2054897423658986e-06
4811,0.5388949513435364
4812,0.9987517595291138
4813,0.00036833761259913445
4814,0.9999983310699463
4815,0.9991173148155212
4816,0.9995563626289368
4817,2.163881617889274e-05
4818,0.9468164443969727
4819,0.019841685891151428
4820,0.9999984502792358
4821,0.9999754428863525
4822,0.9994366765022278
4823,0.9999978542327881
4824,0.9953092932701111
4825,0.9996634721755981
4826,0.9997783303260803
4827,0.8809118270874023
4828,0.9990203380584717
4829,1.3540752661356237e-05
4830,5.394776599132456e-05
4831,0.2135995328426361
4832,0.9991095662117004
4833,0.001258018077351153
4834,0.9995455145835876
4835,0.987815260887146
4836,0.9907019138336182
4837,1.2142906598455738e-05
4838,0.898020327091217
4839,1.6668758462401456e-06
4840,0.9999984502792358
4841,0.05770912766456604
4842,0.9970591068267822
4843,0.934664249420166
4844,0.0990147516131401
4845,0.0027869855985045433
4846,0.9318211674690247
4847,0.9999449253082275
4848,3.7812803839187836e-06
4849,0.9999954700469971
4850,0.9999979734420776
4851,0.008535916917026043
4852,0.9999408721923828
4853,4.605983485816978e-05
4854,0.9997962117195129
4855,3.7170186260482296e-05
4856,0.9999932050704956
4857,0.9991059899330139
4858,0.9999970197677612
4859,1.165315552498214e-06
4860,0.9999897480010986
4861,0.9887725710868835
4862,0.7423147559165955
4863,0.0020851059816777706
4864,0.056270282715559006
4865,0.9999750852584839
4866,0.9999703168869019
4867,0.9985771179199219
4868,0.11809605360031128
4869,1.4802821169723757e-05
4870,0.999976396560669
4871,0.9999954700469971
4872,0.9999909400939941
4873,0.9999324083328247
4874,0.9806028008460999
4875,0.9875509142875671
4876,0.06772296130657196
4877,4.9150978156831115e-05
4878,0.003566961968317628
4879,0.9878623485565186
4880,0.007724982686340809
4881,0.0019518437329679728
4882,5.2672716265078634e-05
4883,0.9997250437736511
4884,1.2867011719208676e-05
4885,0.00560686644166708
4886,8.204058394767344e-05
4887,0.9969711303710938
4888,0.7764701843261719
4889,0.9963786005973816
4890,0.9999725818634033
4891,0.0206069964915514
4892,1.8957211068482138e-05
4893,0.309355765581131
4894,0.9970991611480713
4895,0.9993612170219421
4896,0.001426133792847395
4897,0.9849048852920532
4898,0.9675651788711548
4899,1.630163205845747e-05
4900,0.007147352211177349
4901,0.9980292916297913
4902,0.9992407560348511
4903,0.00017927309090737253
4904,0.001781516126357019
4905,0.004148256499320269
4906,0.00018221157370135188
4907,3.979554458055645e-05
4908,0.9983249306678772
4909,0.9952912330627441
4910,0.00012276000052224845
4911,0.9999997615814209
4912,0.9995383024215698
4913,0.9981434345245361
4914,0.0003712779434863478
4915,0.9999252557754517
4916,0.033805232495069504
4917,0.001592482440173626
4918,0.7689452767372131
4919,0.9991899132728577
4920,1.6355776097043417e-05
4921,0.004214039072394371
4922,0.00034593537566252053
4923,0.002947430592030287
4924,0.9839985370635986
4925,1.2030717698507942e-05
4926,0.9997556805610657
4927,0.9937801957130432
4928,1.5588193491566926e-05
4929,0.9999923706054688
4930,3.147077586618252e-05
4931,0.9989792108535767
4932,0.001812218688428402
4933,0.0016147792339324951
4934,2.364089959883131e-05
4935,0.9997305274009705
4936,0.00030982791213318706
4937,0.9997428059577942
4938,0.9994468092918396
4939,0.9999961853027344
4940,0.9999905824661255
4941,0.9961330890655518
4942,0.9999486207962036
4943,2.31631975111668e-06
4944,0.006311618722975254
4945,0.0004567219293676317
4946,0.9999967813491821
4947,0.0018430690979585052
4948,0.0049598440527915955
4949,2.503169707779307e-05
4950,0.9996391534805298
4951,0.0005814858013764024
4952,0.9999005794525146
4953,0.999943733215332
4954,0.9999978542327881
4955,0.9942690134048462
4956,0.0028293610084801912
4957,1.7921822745847749e-06
4958,0.04965139925479889
4959,0.83455491065979
4960,0.8259794116020203
4961,0.0011903754202648997
4962,0.9999881982803345
4963,0.999958872795105
4964,5.835592219227692e-06
4965,0.9999798536300659
4966,0.9999709129333496
4967,5.793792297481559e-06
4968,6.6024490479321685e-06
4969,0.9999845027923584
4970,6.5935009843087755e-06
4971,0.9997867941856384
4972,1.5633391740266234e-05
4973,0.9999974966049194
4974,0.9968894124031067
4975,0.00010560686496319249
4976,0.9905139207839966
4977,0.0387529619038105
4978,0.00017313275020569563
4979,0.9348769783973694
4980,0.9999980926513672
4981,5.175654587219469e-05
4982,0.9999914169311523
4983,0.0016310829669237137
4984,0.9999761581420898
4985,0.39175304770469666
4986,0.9999988079071045
4987,3.2275700050377054e-06
4988,0.9999910593032837
4989,0.9852882027626038
4990,0.00010470949928276241
4991,1.0244318673358066e-06
4992,0.9999984502792358
4993,0.9761082530021667
4994,5.203139880904928e-05
4995,0.0003879233554471284
4996,0.9999916553497314
4997,0.00034755285014398396
4998,0.9999988079071045
4999,0.9998718500137329
5000,0.999985933303833
5001,0.00626031681895256
5002,0.0011384559329599142
5003,0.9999816417694092
5004,0.9991012811660767
5005,5.409365985542536e-05
5006,0.00013563480752054602
5007,0.00038272052188403904
5008,1.5521916338911979e-06
5009,4.172358785581309e-06
5010,8.026967407204211e-05
5011,0.9999483823776245
5012,6.114391726441681e-05
5013,0.22556181252002716
5014,0.33912044763565063
5015,0.9999990463256836
5016,0.9989527463912964
5017,0.9998083710670471
5018,0.0013973242603242397
5019,0.9992499947547913
5020,0.3122413456439972
5021,0.9998295307159424
5022,0.9999994039535522
5023,0.00010168479639105499
5024,0.9999291896820068
5025,0.0038177024107426405
5026,0.0010916832834482193
5027,5.754837729909923e-06
5028,0.00016456004232168198
5029,5.9945177781628445e-05
5030,0.9296191334724426
5031,0.9421420097351074
5032,0.28853002190589905
5033,0.9999926090240479
5034,1.5251049262587912e-05
5035,0.9999953508377075
5036,0.9995427131652832
5037,0.000725319143384695
5038,1.2717410754703451e-05
5039,2.9865135729778558e-05
5040,0.9999219179153442
5041,0.2112395465373993
5042,0.08345857262611389
5043,3.324677163618617e-05
5044,0.0006962193874642253
5045,0.9999798536300659
5046,0.9999746084213257
5047,6.577526073670015e-05
5048,0.9999808073043823
5049,0.999969482421875
5050,0.00645816046744585
5051,0.1140999048948288
5052,0.9993793964385986
5053,3.0986802812549286e-06
5054,0.0003731856995727867
5055,0.005158653948456049
5056,0.9992889165878296
5057,0.010673286393284798
5058,0.00028787433984689415
5059,0.002654177602380514
5060,0.9999223947525024
5061,0.9975677132606506
5062,0.9997770190238953
5063,0.9992855191230774
5064,0.9980363249778748
5065,4.680950223701075e-05
5066,0.48051074147224426
5067,0.9999984502792358
5068,0.9999443292617798
5069,0.9993544220924377
5070,0.9999994039535522
5071,0.9999594688415527
5072,0.9999926090240479
5073,0.9999864101409912
5074,0.00046877091517671943
5075,0.00011660359450615942
5076,2.617633754198323e-06
5077,0.9999809265136719
5078,0.9994606375694275
5079,1.302785676671192e-06
5080,0.9996734857559204
5081,0.9999984502792358
5082,0.00019812677055597305
5083,5.105134732730221e-07
5084,0.003954265732318163
5085,0.0022761444561183453
5086,0.8536518812179565
5087,0.0039365473203361034
5088,0.005504296626895666
5089,0.999970555305481
5090,0.9608418941497803
5091,0.0005240301252342761
5092,0.9998031258583069
5093,0.1902904510498047
5094,0.9407415986061096
5095,0.0010176808573305607
5096,0.9999949932098389
5097,1.9504633996803022e-07
5098,0.9810025691986084
5099,0.00018191472918260843
5100,0.9999405145645142
5101,0.9998032450675964
5102,7.0945102379482705e-06
5103,1.8948969227494672e-05
5104,6.798372487537563e-05
5105,0.0013994917972013354
5106,0.0014985613524913788
5107,0.9999927282333374
5108,0.005112232640385628
5109,0.00021230720449239016
5110,0.00013716747344005853
5111,0.9988594055175781
5112,0.00017226775526069105
5113,0.8373251557350159
5114,0.9997168183326721
5115,0.002613272750750184
5116,0.9963829517364502
5117,0.9999865293502808
5118,0.9999850988388062
5119,0.0006927935173735023
5120,0.9999774694442749
5121,0.9999476671218872
5122,1.3771467820333783e-05
5123,0.9999732971191406
5124,0.0009328320156782866
5125,0.00030310169677250087
5126,2.1581958208116703e-05
5127,0.999847412109375
5128,0.9998552799224854
5129,0.003952201455831528
5130,0.9980752468109131
5131,0.004183900076895952
5132,1.1223414730920922e-06
5133,0.0009511073585599661
5134,0.00029261724557727575
5135,0.9999971389770508
5136,4.5260014303494245e-05
5137,0.00011928957246709615
5138,6.112130904512014e-06
5139,0.1252938210964203
5140,0.04221278801560402
5141,0.9989411234855652
5142,0.0022326537873595953
5143,0.7650964260101318
5144,0.00010592576290946454
5145,0.9999955892562866
5146,0.9999873638153076
5147,0.9999817609786987
5148,0.9998230338096619
5149,1.3467347343976144e-05
5150,0.9999970197677612
5151,0.0001973845937754959
5152,6.731866960763e-06
5153,0.009742014110088348
5154,0.0032701261807233095
5155,0.9999442100524902
5156,0.9998281002044678
5157,0.9999994039535522
5158,0.9993079900741577
5159,0.999570906162262
5160,0.006426547188311815
5161,5.654456253978424e-05
5162,0.9999889135360718
5163,0.995486319065094
5164,0.8643707036972046
5165,0.9886425137519836
5166,0.9265849590301514
5167,0.0017778057372197509
5168,0.055497851222753525
5169,0.00032542497501708567
5170,0.03268998861312866
5171,0.9999980926513672
5172,0.9999996423721313
5173,0.9999275207519531
5174,0.0015901172300800681
5175,0.9747902154922485
5176,0.9999998807907104
5177,0.999996542930603
5178,0.05527164787054062
5179,0.013414782471954823
5180,0.9998001456260681
5181,0.006251689977943897
5182,0.0002465894795022905
5183,0.012712877243757248
5184,0.019209671765565872
5185,0.0025626958813518286
5186,3.0258457627496682e-05
5187,0.9999947547912598
5188,0.9999996423721313
5189,0.9999361038208008
5190,0.0003331352199893445
5191,0.999853253364563
5192,0.0006690516602247953
5193,2.2418820663006045e-05
5194,0.9986502528190613
5195,0.0005482432316057384
5196,9.220097126672044e-05
5197,0.0006621869397349656
5198,0.9896039962768555
5199,0.5435919761657715
5200,0.9999942779541016
5201,0.007571306079626083
5202,8.686172805028036e-06
5203,0.9997972846031189
5204,0.0002596944977995008
5205,2.219198051989224e-07
5206,7.337811211982626e-07
5207,0.0008986737811937928
5208,5.040645555709489e-05
5209,0.1756182610988617
5210,0.0004945304244756699
5211,1.455876031286607e-06
5212,0.9996691942214966
5213,9.783801942830905e-05
5214,3.2331954571418464e-05
5215,0.9999499320983887
5216,0.5318154096603394
5217,0.9941001534461975
5218,0.9938322305679321
5219,0.0005625310586765409
5220,0.9999994039535522
5221,9.180059805657947e-07
5222,0.9991119503974915
5223,5.951247294433415e-05
5224,0.9965129494667053
5225,0.9999939203262329
5226,0.999854564666748
5227,2.0241566289769253e-06
5228,0.9989650249481201
5229,4.466244718059897e-06
5230,0.2516598701477051
5231,0.9998723268508911
5232,0.8918909430503845
5233,0.9987486600875854
5234,0.9995366334915161
5235,0.9988924860954285
5236,1.0
5237,0.99979168176651
5238,0.9999303817749023
5239,0.9999996423721313
5240,0.0005769602139480412
5241,0.999919056892395
5242,0.9999828338623047
5243,0.9999953508377075
5244,0.9997214674949646
5245,2.0105020666960627e-05
5246,0.002450384199619293
5247,8.814287866698578e-06
5248,0.0060177999548614025
5249,0.0013919430784881115
5250,6.0862994359922595e-06
5251,0.9994344115257263
5252,2.3811948324237164e-07
5253,0.3710119426250458
5254,0.01796870119869709
5255,4.1490686271572486e-05
5256,0.9999877214431763
5257,6.674764881609008e-05
5258,0.9965367317199707
5259,0.05547711253166199
5260,0.00017179730639327317
5261,1.8987660951097496e-05
5262,4.092493782081874e-06
5263,2.0080694866919657e-06
5264,0.9999730587005615
5265,0.00011275188444415107
5266,0.9999970197677612
5267,0.00019324745517224073
5268,0.5162216424942017
5269,0.0001886766985990107
5270,0.00018380735127720982
5271,0.999962329864502
5272,6.525403296109289e-05
5273,0.9992617964744568
5274,0.9999772310256958
5275,0.3468056917190552
5276,0.9934884309768677
5277,0.9995895028114319
5278,0.999667763710022
5279,0.9998397827148438
5280,0.0024248657282441854
5281,0.992161214351654
5282,0.003320558462291956
5283,0.2031945437192917
5284,0.00016306445468217134
5285,2.0270465483918088e-06
5286,8.64778776303865e-05
5287,0.00010663559078238904
5288,0.9999951124191284
5289,0.9279316663742065
5290,0.02103695273399353
5291,0.9998799562454224
5292,0.8924970030784607
5293,0.9998400211334229
5294,1.7420761651010253e-05
5295,0.3360545039176941
5296,2.5501400159555487e-05
5297,4.580169843393378e-06
5298,0.062064189463853836
5299,0.9997859597206116
5300,0.003058655420318246
5301,0.7164825797080994
5302,0.9999990463256836
5303,3.509341922836029e-06
5304,0.9998266100883484
5305,0.9984508752822876
5306,0.9999986886978149
5307,0.9999357461929321
5308,0.9973151087760925
5309,0.0016144395340234041
5310,0.9998107552528381
5311,0.0033373937476426363
5312,1.009355059977679e-06
5313,0.1685202270746231
5314,0.9996790885925293
5315,0.9999473094940186
5316,1.977278316189768e-06
5317,0.9999830722808838
5318,0.999996542930603
5319,4.7187595555442385e-06
5320,0.9997957348823547
5321,0.001108027994632721
5322,0.9999961853027344
5323,7.109783382475143e-06
5324,0.8065151572227478
5325,1.1085520554843242e-06
5326,0.026223596185445786
5327,0.9106838703155518
5328,0.9999890327453613
5329,8.120937309286091e-06
5330,0.001036335015669465
5331,0.9977805018424988
5332,0.9999933242797852
5333,0.5712496638298035
5334,0.0009609564440324903
5335,0.0868639349937439
5336,0.9338547587394714
5337,0.9999816417694092
5338,0.001156841404736042
5339,0.9999945163726807
5340,0.024299636483192444
5341,0.0002491199120413512
5342,0.0007233138894662261
5343,0.9999988079071045
5344,0.9999997615814209
5345,0.00036907714093104005
5346,0.9969794750213623
5347,0.9993075132369995
5348,0.9997252821922302
5349,0.9997443556785583
5350,0.9996730089187622
5351,0.9989334940910339
5352,0.2130591720342636
5353,6.202292752277572e-06
5354,0.00048573006642982364
5355,0.0021920353174209595
5356,0.0011222787434235215
5357,0.933749258518219
5358,0.9620575904846191
5359,0.016380736604332924
5360,0.0002485912700649351
5361,0.9999998807907104
5362,0.4621388912200928
5363,0.00021297809144016355
5364,0.7087196707725525
5365,3.306091684862622e-06
5366,0.9957640171051025
5367,0.9995692372322083
5368,2.6170395358349197e-05
5369,0.9895821809768677
5370,0.9999955892562866
5371,0.9999954700469971
5372,9.359575051348656e-05
5373,0.009662757627665997
5374,0.0015594535507261753
5375,0.9999982118606567
5376,0.994236946105957
5377,0.9999006986618042
5378,0.9934917092323303
5379,1.1332245776429772e-05
5380,0.9999992847442627
5381,0.9999581575393677
5382,0.9995694756507874
5383,0.9973506927490234
5384,1.2478170901886187e-05
5385,0.9998201727867126
5386,0.00018524429469835013
5387,0.00014359371562022716
5388,0.9992996454238892
5389,5.247733133728616e-05
5390,0.9994252920150757
5391,0.9999135732650757
5392,1.466425419494044e-05
5393,0.9974269270896912
5394,0.9999957084655762
5395,0.9998359680175781
5396,0.9999353885650635
5397,3.956618456868455e-06
5398,2.643678817548789e-05
5399,0.9999991655349731
5400,0.9999375343322754
5401,0.00012973534467164427
5402,0.9999648332595825
5403,0.9983598589897156
5404,0.9990394711494446
5405,0.408511221408844
5406,0.9999979734420776
5407,0.9972447156906128
5408,0.005862944759428501
5409,0.9999679327011108
5410,0.9973798394203186
5411,0.9523413181304932
5412,0.0002532060898374766
5413,0.9999934434890747
5414,0.9992256164550781
5415,0.00012185650848550722
5416,0.05867002159357071
5417,0.1602163016796112
5418,0.9891413450241089
5419,0.9642735123634338
5420,0.9993981122970581
5421,0.9937093257904053
5422,0.9987533092498779
5423,0.00019692856585606933
5424,0.003243375802412629
5425,0.9999953508377075
5426,0.9998142123222351
5427,0.9997429251670837
5428,0.9999948740005493
5429,2.7657224563881755e-05
5430,0.7249528765678406
5431,0.9881105422973633
5432,0.9999947547912598
5433,0.9999910593032837
5434,0.9998607635498047
5435,0.27141425013542175
5436,0.9892725944519043
5437,0.9999960660934448
5438,0.9999886751174927
5439,0.13487790524959564
5440,0.9999700784683228
5441,0.9999755620956421
5442,0.9999738931655884
5443,0.999974250793457
5444,0.9998109936714172
5445,0.00019010693358723074
5446,0.999981164932251
5447,0.9999053478240967
5448,0.997083842754364
5449,0.9999991655349731
5450,0.9999996423721313
5451,0.9989051818847656
5452,6.978560122661293e-05
5453,0.0002615975390654057
5454,0.9616782665252686
5455,0.9999946355819702
5456,0.0016179695958271623
5457,0.9979718327522278
5458,0.999745786190033
5459,0.9492322206497192
5460,0.0002154547837562859
5461,0.0004846289521083236
5462,0.006495472509413958
5463,0.9999943971633911
5464,0.9999922513961792
5465,0.9999918937683105
5466,0.00020896595378872007
5467,0.9999902248382568
5468,0.9999910593032837
5469,0.9961070418357849
5470,0.9994656443595886
5471,0.9465237855911255
5472,2.1021774955443107e-05
5473,0.9349046945571899
5474,5.502421845449135e-05
5475,0.9991905093193054
5476,1.638498474676453e-06
5477,0.0022326260805130005
5478,0.9998179078102112
5479,0.9999672174453735
5480,0.0002084177394863218
5481,0.9999986886978149
5482,0.0023454453330487013
5483,0.001795841264538467
5484,0.9977633953094482
5485,0.9965015649795532
5486,7.282460865098983e-05
5487,0.9999997615814209
5488,0.9997407793998718
5489,0.9999593496322632
5490,0.9999996423721313
5491,0.9999980926513672
5492,0.17028802633285522
5493,0.9999864101409912
5494,0.9571921229362488
5495,0.9919191598892212
5496,0.999427318572998
5497,0.891558051109314
5498,0.00035275190020911396
5499,0.00031994484015740454
5500,5.8218124650011305e-06
5501,0.995131254196167
5502,0.04433639720082283
5503,0.9977415800094604
5504,0.9999606609344482
5505,0.9951299428939819
5506,0.5247139930725098
5507,0.9989250302314758
5508,0.999998927116394
5509,0.9885137677192688
5510,0.999988317489624
5511,0.9631878137588501
5512,0.9997122883796692
5513,0.9996243715286255
5514,0.9995086193084717
5515,0.9999463558197021
5516,0.9409592151641846
5517,0.013390108942985535
5518,1.75907916855067e-05
5519,0.9999508857727051
5520,0.999875545501709
5521,0.9999722242355347
5522,0.9999860525131226
5523,1.026003883453086e-05
5524,0.999997615814209
5525,0.0015089241787791252
5526,0.9999599456787109
5527,0.9999879598617554
5528,0.999797523021698
5529,8.463597112040588e-08
5530,0.006683530751615763
5531,0.9999048709869385
5532,0.9999922513961792
5533,0.00017509475583210588
5534,0.9999998807907104
5535,7.703805022174492e-05
5536,0.9999933242797852
5537,1.8415072190691717e-05
5538,0.00048297198372893035
5539,0.9999706745147705
5540,1.1402679547245498e-06
5541,4.362723120721057e-05
5542,0.006628686562180519
5543,0.9981628060340881
5544,7.577248470624909e-05
5545,8.550233906134963e-05
5546,0.12829753756523132
5547,0.0004208408936392516
5548,0.9998961687088013
5549,5.6136283092200756e-05
5550,0.9940495491027832
5551,0.9995263814926147
5552,8.279520443466026e-06
5553,0.06807916611433029
5554,0.9999592304229736
5555,0.9997966885566711
5556,6.798372487537563e-05
5557,0.3811459243297577
5558,0.9996637105941772
5559,0.9999444484710693
5560,0.9996819496154785
5561,0.9999946355819702
5562,0.9999942779541016
5563,0.003670688020065427
5564,6.817797111580148e-05
5565,0.9986841082572937
5566,7.309849479497643e-06
5567,0.9999790191650391
5568,0.9999964237213135
5569,0.1963254064321518
5570,0.9991094470024109
5571,0.9999715089797974
5572,0.9999659061431885
5573,0.9992994070053101
5574,0.999915361404419
5575,0.9999711513519287
5576,0.0003401720314286649
5577,0.9999998807907104
5578,0.9509809017181396
5579,0.0040603806264698505
5580,0.9999959468841553
5581,0.999862790107727
5582,6.991215923335403e-05
5583,0.019033845514059067
5584,0.9998466968536377
5585,0.9998455047607422
5586,0.9997790455818176
5587,0.999996542930603
5588,0.9999020099639893
5589,0.030336104333400726
5590,0.9998528957366943
5591,0.9961559176445007
5592,0.9998750686645508
5593,0.9999927282333374
5594,0.9999938011169434
5595,0.10218452662229538
5596,0.40115827322006226
5597,0.2711608111858368
5598,8.088112372206524e-05
5599,2.9220332180557307e-06
5600,0.9995617270469666
5601,0.999961256980896
5602,0.9997318387031555
5603,7.299245044123381e-05
5604,0.9993281364440918
5605,1.5561605323455296e-05
5606,2.079843625324429e-06
5607,0.8760725259780884
5608,0.9999874830245972
5609,5.898948074900545e-05
5610,0.9999996423721313
5611,6.0686063079629093e-05
5612,3.190667257513269e-06
5613,0.9999254941940308
5614,0.9998098015785217
5615,0.005098565015941858
5616,0.006069603841751814
5617,0.9994434714317322
5618,0.9999978542327881
5619,0.9998145699501038
5620,0.9999188184738159
5621,2.518600012990646e-05
5622,0.00019933834846597165
5623,0.00012736301869153976
5624,5.4193722462514415e-05
5625,0.999933123588562
5626,0.00022313918452709913
5627,0.0066536725498735905
5628,0.999907374382019
5629,0.9999996423721313
5630,0.9981598258018494
5631,0.9997907280921936
5632,0.008485483936965466
5633,0.9407948851585388
5634,0.919944703578949
5635,0.9998626708984375
5636,0.0007316316477954388
5637,3.3764238196454244e-06
5638,1.5413790606544353e-05
5639,0.6796256303787231
5640,0.9996953010559082
5641,0.9998397827148438
5642,0.9974263310432434
5643,0.00040999322663992643
5644,0.9723687767982483
5645,0.00022347770573105663
5646,0.0020486891735345125
5647,1.977780084416736e-05
5648,0.09654798358678818
5649,0.999997615814209
5650,0.9997994303703308
5651,0.9999986886978149
5652,6.7860569288313854e-06
5653,0.9986019730567932
5654,0.0045246523804962635
5655,0.9999935626983643
5656,0.8603160381317139
5657,0.5739054083824158
5658,0.9835521578788757
5659,0.0008931025513447821
5660,0.9999758005142212
5661,1.2941686691192444e-05
5662,0.9978705644607544
5663,2.7594207494985312e-05
5664,0.0002009152522077784
5665,0.9999271631240845
5666,0.00032469420693814754
5667,0.9994077682495117
5668,0.09168196469545364
5669,0.8017781376838684
5670,0.9472171068191528
5671,0.09046747535467148
5672,0.9979445338249207
5673,6.213541200850159e-05
5674,6.076168574509211e-05
5675,0.9976233839988708
5676,0.16435150802135468
5677,0.9999992847442627
5678,0.0015480268048122525
5679,0.0008453340269625187
5680,0.9999818801879883
5681,0.0022282181307673454
5682,0.0010659366380423307
5683,1.7904056903716992e-06
5684,0.9848641753196716
5685,1.5266357877408154e-05
5686,3.6028561680723215e-06
5687,7.277823169715703e-05
5688,0.9993706345558167
5689,0.9997236132621765
5690,0.9995656609535217
5691,0.9999536275863647
5692,0.999981164932251
5693,0.9999496936798096
5694,0.9999746084213257
5695,0.9990425705909729
5696,0.6653723120689392
5697,0.9999986886978149
5698,0.9999876022338867
5699,9.39210076467134e-06
5700,0.9999589920043945
5701,0.9999991655349731
5702,2.153853165509645e-05
5703,0.9998229146003723
5704,0.0005874833441339433
5705,0.784686803817749
5706,0.9999991655349731
5707,0.05344880744814873
5708,0.9786064028739929
5709,0.0002945740707218647
5710,0.0003566343802958727
5711,0.9791038036346436
5712,0.0001288358762394637
5713,0.0008427242282778025
5714,5.636850619339384e-05
5715,0.999957799911499
5716,0.000488773628603667
5717,0.9596419334411621
5718,0.9997939467430115
5719,0.00016929708363022655
5720,0.23097220063209534
5721,0.00012111601972719654
5722,0.36854082345962524
5723,0.010243485681712627
5724,0.00285561615601182
5725,1.1605195140873548e-05
5726,0.0001532065507490188
5727,0.014589795842766762
5728,6.867671800137032e-06
5729,1.4680127833344159e-06
5730,0.9844542145729065
5731,0.22051233053207397
5732,0.9999748468399048
5733,0.9999135732650757
5734,0.0008057307568378747
5735,0.9999842643737793
5736,0.00029335773433558643
5737,0.9070510864257812
5738,0.9999486207962036
5739,0.9999939203262329
5740,0.9999676942825317
5741,0.003756794845685363
5742,0.9990593791007996
5743,4.4735523260897025e-05
5744,0.0030098638962954283
5745,6.6618194978218526e-06
5746,0.0005285635706968606
5747,0.9988352656364441
5748,0.9994964599609375
5749,0.9888362288475037
5750,0.023899028077721596
5751,0.999305009841919
5752,0.9999982118606567
5753,0.19437244534492493
5754,8.730647095944732e-05
5755,0.9955359697341919
5756,0.9983090162277222
5757,0.0008063748246058822
5758,0.0006289931479841471
5759,0.9999909400939941
5760,0.7025634050369263
5761,0.00024587626103311777
5762,4.456862370716408e-06
5763,0.01089735608547926
5764,3.018600693849294e-07
5765,0.999962568283081
5766,0.25162580609321594
5767,0.0019448542734608054
5768,0.9999617338180542
5769,6.66714331600815e-05
5770,0.0002300550986547023
5771,0.9995508790016174
5772,0.9999866485595703
5773,0.012452744878828526
5774,0.0005301190540194511
5775,0.00012440637510735542
5776,0.9999743700027466
5777,0.9999949932098389
5778,0.9989583492279053
5779,0.9997441172599792
5780,0.9998629093170166
5781,0.005709636490792036
5782,0.9999915361404419
5783,0.800588071346283
5784,0.9999918937683105
5785,9.632775618229061e-05
5786,1.0052962352347095e-05
5787,0.9985055923461914
5788,0.004365471191704273
5789,0.9999998807907104
5790,0.042775336652994156
5791,1.0105800356541295e-05
5792,0.3624599874019623
5793,0.02205490693449974
5794,0.9999972581863403
5795,0.9996854066848755
5796,0.9999512434005737
5797,0.027816466987133026
5798,0.9990531802177429
5799,0.9828706979751587
5800,7.130006270017475e-05
5801,0.9985277652740479
5802,4.36360169260297e-05
5803,0.0005075235385447741
5804,0.9976351261138916
5805,0.9999182224273682
5806,0.0017436194466426969
5807,0.9999995231628418
5808,0.9705584049224854
5809,0.999983549118042
5810,0.1383015513420105
5811,0.018474416807293892
5812,0.39308473467826843
5813,0.9883654117584229
5814,3.077841756748967e-05
5815,0.9999850988388062
5816,8.838523353915662e-05
5817,0.0030041944701224566
5818,6.392988325387705e-06
5819,0.9035779237747192
5820,0.9999961853027344
5821,0.9999905824661255
5822,0.20588144659996033
5823,0.0005256812437437475
5824,0.9993026256561279
5825,0.9997372031211853
5826,0.9871060848236084
5827,0.23938997089862823
5828,0.9999985694885254
5829,0.9999606609344482
5830,2.86327503999928e-05
5831,0.9932029247283936
5832,3.991455287177814e-06
5833,0.9947553873062134
5834,0.9987118244171143
5835,0.000288848124910146
5836,0.7640042901039124
5837,1.6027184756239876e-05
5838,0.00878143310546875
5839,0.9990528225898743
5840,0.0006024540052749217
5841,0.014099230989813805
5842,0.7298914790153503
5843,0.9998544454574585
5844,5.958837391517591e-06
5845,0.9994982481002808
5846,0.00018607561651151627
5847,0.0002791417355183512
5848,0.6969208717346191
5849,0.9998692274093628
5850,5.537648394238204e-05
5851,4.96758621011395e-05
5852,0.9999983310699463
5853,5.5430064094252884e-05
5854,0.3625701069831848
5855,0.049054160714149475
5856,0.006500767543911934
5857,0.0025741741992533207
5858,0.9981644749641418
5859,2.430105087114498e-05
5860,0.9999333620071411
5861,0.0032812387216836214
5862,0.9998781681060791
5863,1.0253074833599385e-05
5864,0.8512292504310608
5865,1.4826974847892416e-06
5866,0.0015800107503309846
5867,3.5726909118238837e-05
5868,0.0002301518397871405
5869,0.9998838901519775
5870,0.020889967679977417
5871,0.001813953393138945
5872,2.2909607650944963e-05
5873,0.9999997615814209
5874,0.9997454285621643
5875,0.002469379222020507
5876,0.00019684669678099453
5877,0.41686078906059265
5878,1.0
5879,0.0013861014740541577
5880,0.9999996423721313
5881,0.9999480247497559
5882,0.9314029216766357
5883,0.9892783761024475
5884,0.9998623132705688
5885,0.024511409923434258
5886,0.9999939203262329
5887,0.0929471105337143
5888,0.001346271252259612
5889,0.6012565493583679
5890,0.9999958276748657
5891,0.00022816316050011665
5892,0.9998577833175659
5893,0.9999550580978394
5894,3.535513087626896e-06
5895,0.0004920252249576151
5896,8.944965884438716e-06
5897,0.9303054809570312
5898,0.9999265670776367
5899,7.523561635025544e-06
5900,9.320786193711683e-05
5901,0.9999732971191406
5902,0.00016278636758215725
5903,0.00026637144037522376
5904,0.9999120235443115
5905,0.9999740123748779
5906,0.019765730947256088
5907,0.0005791227449662983
5908,0.9999710321426392
5909,0.011426770128309727
5910,0.08289922028779984
5911,0.9999876022338867
5912,0.00015681509103160352
5913,0.002907397225499153
5914,7.38077360438183e-05
5915,0.9999955892562866
5916,0.9999934434890747
5917,0.9998334646224976
5918,0.0001275412942050025
5919,0.9969794750213623
5920,4.8686768423067406e-05
5921,0.00038101832615211606
5922,0.9973711967468262
5923,0.9959999322891235
5924,0.9997950196266174
5925,0.9999692440032959
5926,5.98052906752855e-07
5927,4.3656822526827455e-05
5928,0.9999994039535522
5929,0.9999986886978149
5930,0.999910831451416
5931,0.9999922513961792
5932,0.0001802916667656973
5933,0.007174116093665361
5934,1.2009739293716848e-05
5935,0.9999904632568359
5936,0.999996542930603
5937,0.04584015905857086
5938,0.9820187091827393
5939,5.408094693848398e-06
5940,0.00059576949570328
5941,0.0018007735488936305
5942,0.00018398725660517812
5943,0.9999676942825317
5944,0.9999960660934448
5945,0.0002801530063152313
5946,0.9999933242797852
5947,3.4057960874633864e-05
5948,0.9999984502792358
5949,3.161880886182189e-05
5950,0.00011264990462223068
5951,0.9999878406524658
5952,0.9999954700469971
5953,5.534418232855387e-05
5954,0.006064476445317268
5955,0.9332090616226196
5956,0.14315594732761383
5957,0.9999821186065674
5958,0.9995573163032532
5959,0.21003225445747375
5960,0.00014930954785086215
5961,0.00016970661818049848
5962,0.00011641759920166805
5963,0.00010736102558439597
5964,4.893554432783276e-06
5965,0.9999970197677612
5966,0.999984860420227
5967,0.0003268838918302208
5968,0.9997101426124573
5969,0.9999263286590576
5970,0.9999710321426392
5971,0.9999866485595703
5972,0.9999876022338867
5973,0.9999455213546753
5974,0.00367156695574522
5975,0.9994039535522461
5976,0.1493147313594818
5977,0.2757512629032135
5978,0.4937301278114319
5979,0.9950994849205017
5980,0.02109280414879322
5981,5.39551729161758e-05
5982,0.00022228767920751125
5983,0.9960383176803589
5984,0.9999871253967285
5985,0.9999821186065674
5986,0.002191270003095269
5987,0.038936547935009
5988,0.9942840933799744
5989,0.9998513460159302
5990,0.9895361661911011
5991,0.00015192707360256463
5992,0.9998315572738647
5993,0.9711775183677673
5994,0.0005218185251578689
5995,0.9995229244232178
5996,0.0006741619436070323
5997,0.9999032020568848
5998,4.1034902096726e-05
5999,0.9999179840087891
6000,0.9998094439506531
6001,0.01928582228720188
6002,0.010552042163908482
6003,0.003960662987083197
6004,0.9999645948410034
6005,0.0023506865836679935
6006,0.005745185539126396
6007,0.9999995231628418
6008,1.1806721431639744e-06
6009,0.0002668841916602105
6010,0.9697968363761902
6011,1.9038920072489418e-05
6012,0.9999897480010986
6013,1.8553074596638908e-06
6014,0.0010612669866532087
6015,2.1147385268704966e-05
6016,0.9999985694885254
6017,0.9979581832885742
6018,5.461953332996927e-05
6019,0.9999750852584839
6020,0.9998651742935181
6021,0.04485645145177841
6022,0.9991068243980408
6023,0.01933244988322258
6024,2.1955002011964098e-06
6025,0.9974228143692017
6026,0.9999994039535522
6027,0.99909508228302
6028,0.9999972581863403
6029,0.03857025131583214
6030,0.9980814456939697
6031,2.6811867428477854e-06
6032,1.2089789379388094e-05
6033,0.0004064713721163571
6034,0.00030032932409085333
6035,0.0018177933525294065
6036,0.0032001081854104996
6037,0.0001401484478265047
6038,0.9999867677688599
6039,4.6360681153601035e-05
6040,0.9981478452682495
6041,0.9994414448738098
6042,0.9991233944892883
6043,0.0007941016810946167
6044,0.0009407062898389995
6045,0.9999815225601196
6046,0.9999537467956543
6047,0.9991870522499084
6048,3.878529241774231e-05
6049,0.9987053871154785
6050,5.65336158615537e-05
6051,0.9931888580322266
6052,2.8661120268225204e-06
6053,0.00024093396496027708
6054,0.0005064932047389448
6055,0.999165415763855
6056,2.5090037070185645e-06
6057,0.0014830847503617406
6058,0.0005414301995187998
6059,0.00017525294970255345
6060,5.2321975090308115e-05
6061,0.9986751675605774
6062,3.9698508771834895e-05
6063,0.005706502590328455
6064,0.9998481273651123
6065,0.9183452129364014
6066,0.9934539794921875
6067,0.9999978542327881
6068,0.02508452534675598
6069,0.9992755055427551
6070,0.9996747970581055
6071,0.00385001627728343
6072,0.9999628067016602
6073,0.9996463060379028
6074,0.00028206390561535954
6075,0.9649838209152222
6076,0.0030519890133291483
6077,0.007464034017175436
6078,0.9999905824661255
6079,0.9999699592590332
6080,0.9999963045120239
6081,0.0180291086435318
6082,0.9999650716781616
6083,0.00022899282339494675
6084,0.9999983310699463
6085,0.9704035520553589
6086,0.9999971389770508
6087,1.0
6088,0.9994459748268127
6089,0.9999345541000366
6090,0.9995762705802917
6091,0.9995515942573547
6092,0.00032987588201649487
6093,0.9999809265136719
6094,0.9999973773956299
6095,0.028260046616196632
6096,0.00035907895653508604
6097,0.018951794132590294
6098,0.0006661154329776764
6099,0.002018222352489829
6100,0.006607613526284695
6101,0.0065652159973979
6102,0.00020706490613520145
6103,0.9999390840530396
6104,0.8920590877532959
6105,0.9999281167984009
6106,0.9999988079071045
6107,0.9999990463256836
6108,0.9988780617713928
6109,0.3936237692832947
6110,1.5141038147703512e-06
6111,0.9999916553497314
6112,0.006087288726121187
6113,0.1919756829738617
6114,1.3511330507753883e-05
6115,0.0028925046790391207
6116,0.9999690055847168
6117,0.9987049102783203
6118,0.8631772994995117
6119,0.0002798598725348711
6120,0.9982306361198425
6121,0.9997902512550354
6122,0.001946163596585393
6123,0.9999674558639526
6124,2.7095002224086784e-05
6125,0.9999222755432129
6126,0.9993447661399841
6127,0.01830095238983631
6128,0.9999369382858276
6129,0.0370524525642395
6130,0.9991642236709595
6131,0.03380173072218895
6132,1.6166784917004406e-05
6133,0.0014370031422004104
6134,0.9999891519546509
6135,9.029258194459544e-07
6136,0.08045776188373566
6137,0.9946388602256775
6138,0.0003917207068298012
6139,0.995846688747406
6140,0.9926526546478271
6141,0.999996542930603
6142,0.9994205236434937
6143,2.078768829960609e-06
6144,0.01489077229052782
6145,0.0003632103616837412
6146,0.00018258357886224985
6147,7.057691982481629e-05
6148,0.9999324083328247
6149,0.0008363110828213394
6150,5.2653325838036835e-05
6151,0.9985566735267639
6152,1.1661175449262373e-05
6153,8.746829553274438e-05
6154,0.9998908042907715
6155,0.9999927282333374
6156,0.3458023965358734
6157,0.9869669079780579
6158,0.00012158639583503827
6159,0.00031812116503715515
6160,0.9997195601463318
6161,3.968533928855322e-05
6162,0.9999972581863403
6163,0.9997969269752502
6164,0.00040734102367423475
6165,0.006713869050145149
6166,0.00018524764163885266
6167,0.00454162061214447
6168,1.951903414010303e-06
6169,0.9952964186668396
6170,2.0137197509484395e-07
6171,0.0006827865145169199
6172,2.626786397286196e-07
6173,0.8995100855827332
6174,0.00028687925077974796
6175,0.9998995065689087
6176,0.9993436932563782
6177,0.9999579191207886
6178,0.011327074840664864
6179,0.000557484629098326
6180,0.9999955892562866
6181,0.0015791798941791058
6182,0.0002973562804982066
6183,0.999997615814209
6184,0.002654456766322255
6185,4.1094688185694395e-07
6186,0.9894797205924988
6187,0.9996553659439087
6188,0.9999959468841553
6189,2.1757196009275503e-06
6190,1.743768370943144e-05
6191,0.091820627450943
6192,0.9980565905570984
6193,0.9999843835830688
6194,0.0002563302987255156
6195,0.0050514331087470055
6196,0.04177653044462204
6197,0.0005612083477899432
6198,1.4764740626560524e-05
6199,0.9999990463256836
6200,0.9999982118606567
6201,0.9998869895935059
6202,0.008437208831310272
6203,0.996942937374115
6204,0.0036360197700560093
6205,0.32606449723243713
6206,0.9997449517250061
6207,0.9881249666213989
6208,0.9999165534973145
6209,0.9998487234115601
6210,0.00016569590661674738
6211,8.513531793141738e-05
6212,5.192868775338866e-05
6213,0.05895025655627251
6214,0.9999752044677734
6215,0.6001983284950256
6216,8.290172991110012e-05
6217,0.9981127977371216
6218,0.9987140893936157
6219,0.9998599290847778
6220,0.028077444061636925
6221,0.9999985694885254
6222,0.8867107033729553
6223,0.9999232292175293
6224,0.9962349534034729
6225,0.99909508228302
6226,0.9929649829864502
6227,0.006053788121789694
6228,0.019845515489578247
6229,0.9999032020568848
6230,0.9767927527427673
6231,0.9992330074310303
6232,0.9999939203262329
6233,2.04875941562932e-05
6234,0.005724912974983454
6235,0.0004905348760075867
6236,0.9999998807907104
6237,0.9999922513961792
6238,0.0025426631327718496
6239,0.9998138546943665
6240,0.1472529023885727
6241,0.9998078942298889
6242,0.9971596002578735
6243,0.00025014570564962924
6244,0.9997233748435974
6245,0.9999902248382568
6246,0.9999884366989136
6247,1.3531122931453865e-05
6248,0.998805046081543
6249,0.9999935626983643
6250,4.474149682209827e-05
6251,0.00016405651695095003
6252,0.0009875199757516384
6253,0.999994158744812
6254,0.9999982118606567
6255,0.9996429681777954
6256,1.1554043339856435e-05
6257,0.9997137188911438
6258,2.8873801056761295e-05
6259,5.508985123015009e-05
6260,0.9963177442550659
6261,0.4857412874698639
6262,6.154164111649152e-07
6263,0.0006707534776069224
6264,0.999995231628418
6265,0.9999964237213135
6266,0.9996129870414734
6267,1.807132861131322e-07
6268,2.6176832761848345e-05
6269,0.000428503641160205
6270,0.00252370978705585
6271,7.373793778242543e-05
6272,0.0030463184230029583
6273,0.9272242784500122
6274,0.0010662274435162544
6275,1.8389815522823483e-05
6276,0.006670280359685421
6277,0.9999990463256836
6278,0.0002827270654961467
6279,0.9667991995811462
6280,0.9725731611251831
6281,0.999976396560669
6282,0.07273586094379425
6283,0.9869662523269653
6284,0.9999890327453613
6285,0.9732038974761963
6286,0.0006356753874570131
6287,0.9999990463256836
6288,0.9997122883796692
6289,0.9999394416809082
6290,0.9999388456344604
6291,0.035747893154621124
6292,0.9995447993278503
6293,0.9992196559906006
6294,0.99977046251297
6295,0.9999909400939941
6296,0.00028316729003563523
6297,0.00023737938317935914
6298,0.0025061797350645065
6299,1.9373030227143317e-05
6300,0.0004461526987142861
6301,0.9858554005622864
6302,0.9997335076332092
6303,0.0012473904062062502
6304,0.0033317124471068382
6305,0.9985840320587158
6306,0.18501846492290497
6307,0.99979168176651
6308,0.003010379383340478
6309,0.999994158744812
6310,0.8043738603591919
6311,0.13191741704940796
6312,0.1859443187713623
6313,0.9999535083770752
6314,3.96262294088956e-06
6315,0.9999947547912598
6316,1.610274557606317e-05
6317,0.9999892711639404
6318,0.9988941550254822
6319,0.9999762773513794
6320,0.05590266361832619
6321,0.9999822378158569
6322,0.12358634173870087
6323,0.9997382760047913
6324,0.018454566597938538
6325,0.2494811713695526
6326,0.008717101998627186
6327,0.9994099140167236
6328,0.006194757297635078
6329,2.5993967938120477e-06
6330,0.0001706300099613145
6331,0.9999067783355713
6332,0.9999865293502808
6333,1.7288371054746676e-06
6334,0.5259742140769958
6335,0.00385187822394073
6336,0.0005741099594160914
6337,0.001646619290113449
6338,2.6546837034402415e-05
6339,0.23910404741764069
6340,0.9998339414596558
6341,0.9982860684394836
6342,3.31579904013779e-05
6343,7.428973913192749e-05
6344,0.001095641520805657
6345,0.008325831033289433
6346,0.26966503262519836
6347,0.3162800967693329
6348,0.9440945982933044
6349,0.9996775388717651
6350,0.0009601374622434378
6351,0.9999868869781494
6352,0.0006294699269346893
6353,0.00016714420053176582
6354,0.9990276098251343
6355,0.9999608993530273
6356,0.9809196591377258
6357,0.061433497816324234
6358,1.756683923304081e-05
6359,1.6975609469227493e-05
6360,2.1424424630822614e-05
6361,0.989544153213501
6362,5.86356436542701e-05
6363,0.9690012335777283
6364,3.9133527025114745e-05
6365,0.9999669790267944
6366,0.27933165431022644
6367,0.999985933303833
6368,0.9995384216308594
6369,5.682651317329146e-05
6370,0.0002683185739442706
6371,0.0012024317402392626
6372,0.008287983946502209
6373,0.1281105875968933
6374,0.004409437067806721
6375,0.9685353636741638
6376,4.341113890404813e-05
6377,0.9999979734420776
6378,0.006774616427719593
6379,0.999996542930603
6380,3.095594001933932e-05
6381,0.033999357372522354
6382,6.0119615227449685e-05
6383,0.0005802366649731994
6384,0.999975323677063
6385,0.9999974966049194
6386,0.0010885088704526424
6387,0.9976315498352051
6388,0.9993771910667419
6389,0.9999774694442749
6390,0.0005462259287014604
6391,0.9966211318969727
6392,0.0003554135619197041
6393,0.9996371269226074
6394,0.9998030066490173
6395,0.9998432397842407
6396,3.417960897422745e-06
6397,0.9775559306144714
6398,0.9999434947967529
6399,0.9998887777328491
6400,0.9999972581863403
6401,0.0007102421950548887
6402,0.9997327923774719
6403,0.0003248447028454393
6404,0.9742414951324463
6405,6.044533074600622e-05
6406,0.9999966621398926
6407,0.0003311093896627426
6408,0.023482702672481537
6409,0.9999018907546997
6410,0.0008108153124339879
6411,2.584011417638976e-05
6412,0.0063465191051363945
6413,7.408414967358112e-05
6414,0.0005876689683645964
6415,0.9133837819099426
6416,1.192011040984653e-05
6417,0.26735156774520874
6418,1.8388605894870125e-05
6419,1.7276228390983306e-05
6420,0.9999969005584717
6421,0.9998644590377808
6422,0.9979355335235596
6423,5.273077476886101e-06
6424,0.0015031833900138736
6425,0.09827405959367752
6426,0.9999786615371704
6427,3.236730844946578e-05
6428,0.9999876022338867
6429,0.9999333620071411
6430,7.402835677794428e-08
6431,0.11979039758443832
6432,0.9999861717224121
6433,0.9371393322944641
6434,0.003858870128169656
6435,0.9990087151527405
6436,0.9999903440475464
6437,0.0005710739642381668
6438,0.9998267292976379
6439,0.9986749291419983
6440,0.00022122835798654705
6441,0.0001968300057342276
6442,0.0006933942786417902
6443,0.9952860474586487
6444,0.924026370048523
6445,0.9999551773071289
6446,0.999779999256134
6447,0.999863862991333
6448,0.9967342615127563
6449,0.9999886751174927
6450,0.9998595714569092
6451,0.12212773412466049
6452,6.559926532645477e-06
6453,0.9986037611961365
6454,0.0019023553468286991
6455,0.9963569045066833
6456,0.000699101947247982
6457,0.9999780654907227
6458,0.016966020688414574
6459,0.015794461593031883
6460,0.9999493360519409
6461,0.7682381868362427
6462,0.9997261166572571
6463,0.0001396888110321015
6464,0.9999923706054688
6465,0.0004920287174172699
6466,0.999984622001648
6467,0.9998094439506531
6468,0.9310030341148376
6469,0.9999599456787109
6470,3.907307836925611e-05
6471,0.0002150871732737869
6472,0.1436540186405182
6473,0.9998726844787598
6474,5.4979325796011835e-05
6475,0.9969918727874756
6476,0.9999035596847534
6477,4.682494909502566e-05
6478,0.9999980926513672
6479,0.002706782426685095
6480,0.9990860223770142
6481,0.9990887641906738
6482,0.999996542930603
6483,0.0005324658122844994
6484,0.0028903367929160595
6485,1.0
6486,0.017721550539135933
6487,0.0005870328168384731
6488,0.00011696707952069119
6489,0.5324475169181824
6490,3.1450585993297864e-06
6491,0.9999972581863403
6492,0.9994770884513855
6493,0.953484833240509
6494,0.16045282781124115
6495,0.0005230429815128446
6496,9.985639917431399e-05
6497,0.9989839196205139
6498,7.347824748649145e-07
6499,0.9999855756759644
6500,0.9980717897415161
6501,2.7481832148623653e-05
6502,0.9999598264694214
6503,0.9999946355819702
6504,0.0030859815888106823
6505,0.1259302943944931
6506,0.9999983310699463
6507,0.9993621706962585
6508,7.342238859564532e-06
6509,0.0006416900432668626
6510,0.999743640422821
6511,0.9999986886978149
6512,0.9865114688873291
6513,0.00013195235806051642
6514,0.9999603033065796
6515,0.00016621714166831225
6516,0.999749481678009
6517,0.9689722657203674
6518,0.41016319394111633
6519,3.791545532294549e-05
6520,3.028461469511967e-05
6521,0.008845732547342777
6522,0.0003042296157218516
6523,0.9999469518661499
6524,0.9999979734420776
6525,0.9999873638153076
6526,0.9979959726333618
6527,0.7468027472496033
6528,0.0020879327785223722
6529,0.9927318692207336
6530,0.9970724582672119
6531,1.7920980099006556e-05
6532,0.9999996423721313
6533,0.002592978999018669
6534,9.690573961051996e-07
6535,0.0006961291655898094
6536,1.0
6537,0.0020339873153716326
6538,0.001989381154999137
6539,0.9999841451644897
6540,0.999992847442627
6541,0.04689845070242882
6542,0.9989041090011597
6543,0.05760249122977257
6544,0.999992847442627
6545,0.9999697208404541
6546,0.9999960660934448
6547,7.517210906371474e-05
6548,0.00038493613828904927
6549,0.999883770942688
6550,0.010623748414218426
6551,0.9999374151229858
6552,0.38292747735977173
6553,0.0017219317378476262
6554,0.9999738931655884
6555,0.0014313666615635157
6556,0.9983221888542175
6557,1.0045084763987688e-06
6558,0.0011719458270817995
6559,0.0001069300778908655
6560,0.9883943796157837
6561,0.0006436954718083143
6562,0.00011767545947805047
6563,0.26553088426589966
6564,0.9997630715370178
6565,3.690835228553624e-06
6566,0.999981164932251
6567,0.9999994039535522
6568,0.00013262849824968725
6569,0.9997616410255432
6570,0.00011800018546637148
6571,5.936917295912281e-05
6572,0.9997028708457947
6573,0.998392641544342
6574,0.9998975992202759
6575,4.443882062332705e-05
6576,0.0031026878859847784
6577,0.9999532699584961
6578,0.03781847283244133
6579,0.002224353840574622
6580,0.9999831914901733
6581,1.6723213320801733e-06
6582,0.9799251556396484
6583,0.9955801367759705
6584,0.014476609416306019
6585,0.9999998807907104
6586,0.9998342990875244
6587,0.0031581437215209007
6588,0.9998169541358948
6589,0.9999884366989136
6590,0.9999035596847534
6591,0.9999990463256836
6592,0.9999496936798096
6593,0.9999250173568726
6594,0.0022236723452806473
6595,8.91114632395329e-06
6596,0.9999985694885254
6597,9.846326065598987e-06
6598,0.001995877828449011
6599,0.9998430013656616
6600,0.9999986886978149
6601,0.0007781594758853316
6602,0.9999051094055176
6603,2.61899422184797e-05
6604,0.00012422750296536833
6605,0.06443650275468826
6606,0.99986732006073
6607,0.9987670183181763
6608,0.9999915361404419
6609,0.8575682044029236
6610,0.9999966621398926
6611,0.9999653100967407
6612,0.0026068747974932194
6613,3.186189860571176e-05
6614,0.0267555583268404
6615,0.9999942779541016
6616,0.0001421520864823833
6617,0.00014787061081733555
6618,0.0001388193340972066
6619,0.9997252821922302
6620,0.9997695088386536
6621,0.9991650581359863
6622,0.9994576573371887
6623,1.4799503333051689e-05
6624,0.0007115197950042784
6625,0.9999622106552124
6626,0.000285380199784413
6627,0.997636079788208
6628,0.9999322891235352
6629,0.9987238049507141
6630,0.9984776377677917
6631,0.99940025806427
6632,0.9515162110328674
6633,0.0005375391338020563
6634,0.006540150847285986
6635,0.999985933303833
6636,0.9999876022338867
6637,0.9999865293502808
6638,0.0058431257493793964
6639,1.1071310836996417e-05
6640,0.9997653365135193
6641,0.6742184162139893
6642,0.14792592823505402
6643,0.9953370094299316
6644,0.00042460058466531336
6645,0.021915288642048836
6646,0.6524126529693604
6647,0.03563490882515907
6648,0.9893190264701843
6649,0.9993009567260742
6650,0.49809589982032776
6651,0.9997277855873108
6652,0.9999902248382568
6653,0.9999071359634399
6654,0.999995231628418
6655,2.7757837415265385e-06
6656,0.00026055730995722115
6657,5.0381518121866975e-06
6658,0.00037950844853185117
6659,0.9999334812164307
6660,9.351151675218716e-05
6661,0.9999977350234985
6662,0.99006187915802
6663,0.9997560381889343
6664,0.9993763566017151
6665,0.9999659061431885
6666,0.03742452338337898
6667,1.5789411918376572e-05
6668,0.9986692667007446
6669,7.75275839259848e-06
6670,0.9999513626098633
6671,0.997645914554596
6672,0.9999188184738159
6673,0.002919323043897748
6674,0.9999979734420776
6675,0.9999270439147949
6676,0.99998939037323
6677,0.0003759426763281226
6678,7.403542258543894e-05
6679,0.9996273517608643
6680,7.852781891415361e-06
6681,0.0009101375471800566
6682,0.0010407664813101292
6683,9.228820090356749e-06
6684,0.0032478126231580973
6685,0.9996538162231445
6686,5.3630155889550224e-05
6687,0.0009407062898389995
6688,0.999994158744812
6689,4.69865108243539e-06
6690,0.05552801489830017
6691,7.54835782572627e-05
6692,3.558118623914197e-05
6693,1.7882925021694973e-05
6694,0.0009414016967639327
6695,0.40792155265808105
6696,0.0009700440568849444
6697,0.0002803050447255373
6698,3.993724021711387e-05
6699,0.9998290538787842
6700,0.9999828338623047
6701,0.9997604489326477
6702,0.020709959790110588
6703,0.9980787038803101
6704,0.9999978542327881
6705,3.2940868550213054e-05
6706,0.0023171899374574423
6707,0.9991129040718079
6708,0.9999982118606567
6709,0.0018544693011790514
6710,0.999929666519165
6711,0.0005591129302047193
6712,0.9999821186065674
6713,4.553705366561189e-05
6714,0.0005680504837073386
6715,0.9988805651664734
6716,0.9999991655349731
6717,2.3794998924131505e-05
6718,0.9999967813491821
6719,0.048752784729003906
6720,0.9997268319129944
6721,0.9999651908874512
6722,0.9999996423721313
6723,2.7405476998865197e-07
6724,0.0002121489669661969
6725,0.9999879598617554
6726,8.749666449148208e-05
6727,0.005240634083747864
6728,0.9998846054077148
6729,0.9999672174453735
6730,1.8512990209273994e-05
6731,0.9968854784965515
6732,0.9999845027923584
6733,0.9998577833175659
6734,0.9999945163726807
6735,0.9984080195426941
6736,2.1292387373250676e-06
6737,0.9997062087059021
6738,0.999829888343811
6739,5.207964568398893e-05
6740,0.011289585381746292
6741,0.9997019171714783
6742,0.998221218585968
6743,0.0001747323403833434
6744,0.02834802120923996
6745,0.9994581341743469
6746,6.644586392212659e-05
6747,0.0043393769301474094
6748,0.12155510485172272
6749,1.3377974028117023e-05
6750,0.000149601575685665
6751,0.9999939203262329
6752,0.006288236938416958
6753,0.9999996423721313
6754,0.9999985694885254
6755,0.0001883348450064659
6756,0.34949788451194763
6757,0.9995356798171997
6758,0.03191138803958893
6759,0.999995231628418
6760,0.005071911960840225
6761,0.9947157502174377
6762,4.5852451876271516e-05
6763,0.999739944934845
6764,0.009367595426738262
6765,0.00019832862017210573
6766,0.9252637028694153
6767,0.8499858975410461
6768,3.063738040509634e-05
6769,7.807923975633457e-05
6770,0.0003746112633962184
6771,0.9999948740005493
6772,0.9994012117385864
6773,0.9995064735412598
6774,0.9999948740005493
6775,0.9991320967674255
6776,3.196339457645081e-05
6777,0.29389581084251404
6778,0.0002978371921926737
6779,0.036049675196409225
6780,0.02259061112999916
6781,0.0005709254182875156
6782,4.710837310994975e-05
6783,0.0339992418885231
6784,0.00015394034562632442
6785,0.0010255267843604088
6786,0.9999998807907104
6787,0.7159626483917236
6788,2.705072290609678e-07
6789,0.0003702220565173775
6790,0.9996436834335327
6791,0.9999533891677856
6792,0.9999966621398926
6793,0.00489896722137928
6794,0.9999409914016724
6795,0.00012384026194922626
6796,1.655392043176107e-05
6797,0.9999672174453735
6798,2.160362055292353e-05
6799,0.9999130964279175
6800,0.9999024868011475
6801,0.0004809349775314331
6802,0.9999995231628418
6803,0.9999816417694092
6804,0.9999366998672485
6805,0.003548312233760953
6806,0.9999910593032837
6807,0.0007929531275294721
6808,0.0028450407553464174
6809,0.9990798234939575
6810,0.1809072643518448
6811,0.9999403953552246
6812,0.0003702824760694057
6813,0.9994731545448303
6814,0.9995415210723877
6815,0.9964712858200073
6816,0.9994506239891052
6817,0.1173192709684372
6818,0.9999350309371948
6819,0.9999819993972778
6820,0.9997879862785339
6821,0.0071622696705162525
6822,0.999607503414154
6823,0.9997984766960144
6824,0.9999980926513672
6825,0.9999963045120239
6826,5.487451562657952e-05
6827,0.9976258873939514
6828,0.9993719458580017
6829,6.015530289005255e-06
6830,0.0001271370711037889
6831,0.9989325404167175
6832,0.9944398403167725
6833,0.4124593138694763
6834,0.9999972581863403
6835,0.999996542930603
6836,0.07238920778036118
6837,0.19191251695156097
6838,0.09912445396184921
6839,0.9203712940216064
6840,0.9999600648880005
6841,0.003382784780114889
6842,0.9956732392311096
6843,0.9999184608459473
6844,0.9999922513961792
6845,0.025211641564965248
6846,0.9994882345199585
6847,0.9999737739562988
6848,0.0012800771510228515
6849,0.9990776777267456
6850,0.9999679327011108
6851,3.874041431117803e-05
6852,0.9999992847442627
6853,0.9999920129776001
6854,0.9996224641799927
6855,0.0001834393187891692
6856,0.9999951124191284
6857,0.4640757739543915
6858,0.9998883008956909
6859,0.9999744892120361
6860,1.0554153050179593e-05
6861,0.004248888231813908
6862,0.9997305274009705
6863,9.218758236784197e-07
6864,1.2442665138223674e-05
6865,3.2973116503853817e-07
6866,0.9999499320983887
6867,0.0003884954785462469
6868,0.9993975162506104
6869,0.999941349029541
6870,0.9999868869781494
6871,0.0004929665010422468
6872,0.9998672008514404
6873,0.0022906470112502575
6874,4.953230018145405e-05
6875,0.8828356266021729
6876,0.9886870384216309
6877,3.823268707492389e-05
6878,2.665919055289123e-06
6879,0.9559469223022461
6880,0.0015383493155241013
6881,0.00193722581025213
6882,5.000713372282917e-06
6883,0.9802858829498291
6884,0.06590837240219116
6885,0.9999996423721313
6886,0.9999880790710449
6887,0.9776477813720703
6888,2.699137212403002e-06
6889,0.000131780092488043
6890,6.143332598185225e-07
6891,0.001819746452383697
6892,0.9503378868103027
6893,2.3028704163152725e-05
6894,1.1148548765049782e-05
6895,0.9999858140945435
6896,3.975443178205751e-05
6897,0.0005623289616778493
6898,0.0796668753027916
6899,0.9999874830245972
6900,0.00023794361914042383
6901,0.9997671246528625
6902,0.9998434782028198
6903,4.5287433749763295e-05
6904,0.008675566874444485
6905,0.0021803437266498804
6906,0.9997597336769104
6907,0.9999905824661255
6908,0.9998941421508789
6909,0.9314025044441223
6910,0.14699365198612213
6911,0.9999581575393677
6912,0.9999688863754272
6913,7.878330507082865e-06
6914,0.999909520149231
6915,0.0003079364832956344
6916,0.9994530081748962
6917,1.0808738579726196e-06
6918,0.9996786117553711
6919,3.117862070212141e-05
6920,0.9998747110366821
6921,6.61617741570808e-05
6922,0.003596725407987833
6923,0.9999459981918335
6924,9.232652519131079e-05
6925,0.0001410952245350927
6926,0.9999992847442627
6927,5.0533373723737895e-05
6928,0.9966787099838257
6929,0.9670029282569885
6930,0.0002245713403681293
6931,8.775510309533274e-07
6932,0.9990148544311523
6933,0.0003497023426461965
6934,0.9306844472885132
6935,1.4665792150481138e-05
6936,0.9995259046554565
6937,0.057179972529411316
6938,0.9999984502792358
6939,3.708294389070943e-05
6940,0.022413169965147972
6941,0.9867011904716492
6942,0.00025125459069386125
6943,0.0001325106859439984
6944,0.9999969005584717
6945,0.6024078130722046
6946,0.011148796416819096
6947,0.8790240287780762
6948,0.9998331069946289
6949,0.9999761581420898
6950,0.6896596550941467
6951,0.15665027499198914
6952,0.9999929666519165
6953,0.9999984502792358
6954,0.0002220317692263052
6955,0.9999985694885254
6956,0.9961897730827332
6957,0.00024107619537971914
6958,0.999972939491272
6959,0.00016059374320320785
6960,1.6190206224564463e-05
6961,2.1023979570600204e-05
6962,0.9178539514541626
6963,0.9964302182197571
6964,0.711195707321167
6965,0.12224522233009338
6966,0.001004012068733573
6967,0.9698683023452759
6968,3.089825622737408e-05
6969,0.0006815074593760073
6970,0.00016215878713410348
6971,0.0062807826325297356
6972,0.9999945163726807
6973,0.0005126022733747959
6974,0.9981689453125
6975,5.662155217578402e-06
6976,0.49663084745407104
6977,0.0074777668341994286
6978,0.994551956653595
6979,0.004460106138139963
6980,0.999998927116394
6981,1.1198011407032027e-06
6982,0.9996964931488037
6983,0.00048657323350198567
6984,0.9999997615814209
6985,0.9993306398391724
6986,0.9999996423721313
6987,0.7288159132003784
6988,0.0002426139690214768
6989,2.679165299923625e-05
6990,2.7861933631356806e-06
6991,0.00220283935777843
6992,0.9999823570251465
6993,0.017350541427731514
6994,0.9988013505935669
6995,0.004040953237563372
6996,0.5521639585494995
6997,0.9980432987213135
6998,9.588648390490562e-05
6999,0.9999963045120239
7000,0.9992833733558655
7001,0.999975323677063
7002,0.9999966621398926
7003,0.040756113827228546
7004,0.014119858853518963
7005,6.141491212474648e-06
7006,0.9999908208847046
7007,0.03609196096658707
7008,0.9999529123306274
7009,5.273454462439986e-06
7010,0.9999971389770508
7011,0.05458105355501175
7012,9.701041108201025e-07
7013,0.999819815158844
7014,0.000234926090342924
7015,1.2552193766168784e-05
7016,0.03636665642261505
7017,0.9999737739562988
7018,0.9999994039535522
7019,0.0020176463294774294
7020,0.03563390672206879
7021,0.0006009331555105746
7022,0.002627638401463628
7023,1.3284023907544906e-06
7024,0.002452576532959938
7025,0.005830137990415096
7026,0.9999545812606812
7027,0.00047335546696558595
7028,0.0005287862732075155
7029,0.0005498317768797278
7030,0.0005832595634274185
7031,0.9863524436950684
7032,0.2765163779258728
7033,0.0004301205917727202
7034,0.3875204026699066
7035,0.9998695850372314
7036,0.9999967813491821
7037,0.9979807734489441
7038,0.00019230469479225576
7039,0.40351709723472595
7040,0.0031878433655947447
7041,1.8434328012517653e-05
7042,0.03568734601140022
7043,0.99978107213974
7044,0.002232893602922559
7045,0.0015444050077348948
7046,0.00015938810247462243
7047,0.9984747767448425
7048,0.00026976497611030936
7049,0.0024186568334698677
7050,0.0002177959686378017
7051,1.0
7052,0.9999467134475708
7053,0.9491288661956787
7054,0.995213508605957
7055,0.9993103742599487
7056,2.0897226931992918e-05
7057,0.004414587747305632
7058,0.002921975450590253
7059,0.9998874664306641
7060,1.5113714368908404e-07
7061,0.01742362417280674
7062,0.006013323552906513
7063,0.012155435048043728
7064,0.24176239967346191
7065,0.9999823570251465
7066,0.9999542236328125
7067,0.00023922637046780437
7068,0.9999216794967651
7069,0.9999418258666992
7070,0.008576584979891777
7071,0.08004278689622879
7072,0.9899742007255554
7073,0.9508325457572937
7074,0.999966025352478
7075,0.04433427378535271
7076,0.9999994039535522
7077,0.9999948740005493
7078,0.9893274307250977
7079,0.999788224697113
7080,0.9932190775871277
7081,0.9998051524162292
7082,0.9999182224273682
7083,0.9999933242797852
7084,2.238247361674439e-06
7085,0.8983625769615173
7086,0.0017561769345775247
7087,5.357406394068676e-07
7088,0.9996891021728516
7089,0.00025136888143606484
7090,0.39828941226005554
7091,9.087689250009134e-05
7092,0.0004446348175406456
7093,0.9926829934120178
7094,1.2739807971229311e-05
7095,0.00013397149450611323
7096,0.9999591112136841
7097,0.9999983310699463
7098,0.9950130581855774
7099,0.0011555826058611274
7100,0.14247409999370575
7101,0.008407076820731163
7102,0.9990829229354858
7103,0.024146175011992455
7104,0.9999710321426392
7105,0.014597229659557343
7106,0.00315283564850688
7107,0.8988967537879944
7108,8.21372623249772e-07
7109,7.499004277633503e-05
7110,0.9609562754631042
7111,0.9999972581863403
7112,0.9982656836509705
7113,4.123122926102951e-05
7114,0.9999926090240479
7115,6.743438279954717e-05
7116,0.999981164932251
7117,0.9999610185623169
7118,0.007684577722102404
7119,0.9999929666519165
7120,0.9994171857833862
7121,0.9999134540557861
7122,0.0001287513878196478
7123,0.9998960494995117
7124,0.00016135844634845853
7125,2.2755923055228777e-05
7126,1.384291590511566e-05
7127,0.9998677968978882
7128,0.00012992066331207752
7129,0.9344937205314636
7130,0.9996565580368042
7131,0.9999978542327881
7132,0.22599844634532928
7133,0.9974193572998047
7134,0.9998376369476318
7135,0.9999995231628418
7136,0.9999603033065796
7137,3.1648184517507616e-07
7138,0.9621968269348145
7139,0.9949570298194885
7140,0.00022508321853820235
7141,0.9999990463256836
7142,0.9990341663360596
7143,0.9999929666519165
7144,0.999962329864502
7145,2.0470739400479943e-05
7146,0.002727231942117214
7147,0.00011858833022415638
7148,0.9999951124191284
7149,0.9750620722770691
7150,4.4486307160696015e-05
7151,0.04503175988793373
7152,0.0011758728651329875
7153,0.9999997615814209
7154,0.04127562791109085
7155,7.678149813727941e-06
7156,1.3113806744513568e-05
7157,0.002575633814558387
7158,0.9998185038566589
7159,0.13532964885234833
7160,0.001247430918738246
7161,0.5555216670036316
7162,0.020809369161725044
7163,0.021259412169456482
7164,0.001209651818498969
7165,0.30428600311279297
7166,0.9999867677688599
7167,2.7297373890178278e-05
7168,0.9999991655349731
7169,0.9999576807022095
7170,0.00016173043695744127
7171,4.477446509554284e-06
7172,0.002985562663525343
7173,5.702928547179908e-07
7174,0.0005788578419014812
7175,0.00024666261742822826
7176,0.00012958499428350478
7177,6.661575753241777e-05
7178,4.254054147168063e-06
7179,0.9999992847442627
7180,0.9999984502792358
7181,0.9994316697120667
7182,2.001837856369093e-06
7183,0.9998252987861633
7184,0.0192299522459507
7185,0.0003460917214397341
7186,0.8634932637214661
7187,0.00030816352227702737
7188,0.9993581175804138
7189,0.9999997615814209
7190,0.9999947547912598
7191,0.0008134092786349356
7192,1.7542430214234628e-05
7193,0.04009361192584038
7194,5.64697484151111e-06
7195,0.9998760223388672
7196,0.0015505185583606362
7197,9.096804205910303e-06
7198,0.9999980926513672
7199,0.03579297661781311
7200,0.9999499320983887
7201,5.3054909585625865e-06
7202,2.5119913971138885e-07
7203,0.19643501937389374
7204,0.001597263035364449
7205,0.00025429599918425083
7206,0.9998095631599426
7207,0.12946610152721405
7208,0.001038736547343433
7209,0.9939927458763123
7210,0.00010356248094467446
7211,0.0004920848296023905
7212,0.037337400019168854
7213,0.9999363422393799
7214,0.9998754262924194
7215,0.00010610551544232294
7216,1.725906827232393e-06
7217,0.000507999851834029
7218,0.9994051456451416
7219,0.9999306201934814
7220,0.9999958276748657
7221,0.02040034346282482
7222,0.0012394918594509363
7223,0.9996380805969238
7224,0.00039783705142326653
7225,0.24257610738277435
7226,0.9997095465660095
7227,3.339353042974835e-07
7228,0.9966366291046143
7229,0.002226058393716812
7230,0.9375442862510681
7231,0.9999868869781494
7232,0.6362999677658081
7233,0.000505690521094948
7234,0.999882698059082
7235,3.804760126513429e-06
7236,0.00010300817666575313
7237,0.999561607837677
7238,0.9989093542098999
7239,1.1232548786210828e-05
7240,3.160208507324569e-06
7241,0.00014133546210359782
7242,0.0004032660217490047
7243,3.0833132314000977e-06
7244,0.0005228895461186767
7245,0.9968461394309998
7246,0.9998034834861755
7247,0.9994280934333801
7248,0.9999744892120361
7249,0.00011724959767889231
7250,5.782365860795835e-06
7251,0.9997953772544861
7252,0.9999816417694092
7253,0.0003000565629918128
7254,0.9615392684936523
7255,0.898082971572876
7256,0.9993784427642822
7257,0.9999366998672485
7258,0.01415520254522562
7259,0.9998997449874878
7260,0.9992468357086182
7261,0.9999998807907104
7262,0.0012099180603399873
7263,0.07134261727333069
7264,0.9999998807907104
7265,0.9998928308486938
7266,5.7425791055720765e-06
7267,0.9998952150344849
7268,0.3418355882167816
7269,0.0021818545646965504
7270,0.0006089850212447345
7271,0.9996045231819153
7272,0.011230689473450184
7273,0.0032883065287023783
7274,0.7054983973503113
7275,0.2868592441082001
7276,0.07441120594739914
7277,2.8736725653288886e-05
7278,0.000595375313423574
7279,0.9928314685821533
7280,0.3003266751766205
7281,0.8237245082855225
7282,0.0006215882604010403
7283,0.9982129335403442
7284,0.002277567982673645
7285,0.9995256662368774
7286,0.0001973482867470011
7287,0.00024046831822488457
7288,0.004233805928379297
7289,0.10123707354068756
7290,0.9383721947669983
7291,0.9999948740005493
7292,0.006415330804884434
7293,0.9999223947525024
7294,0.9999500513076782
7295,0.021554257720708847
7296,0.00040122526115737855
7297,0.05706698074936867
7298,0.9989701509475708
7299,0.0003274525224696845
7300,0.999994158744812
7301,2.4747621409915155e-06
7302,1.0003909665101673e-05
7303,0.005774116609245539
7304,0.000330410577589646
7305,0.9999639987945557
7306,0.9362800717353821
7307,0.010114051401615143
7308,0.05309996381402016
7309,0.9975399971008301
7310,0.0002158802526537329
7311,0.00014933118654880673
7312,0.2548360526561737
7313,4.907828406430781e-05
7314,0.9993797540664673
7315,0.999955415725708
7316,0.9997507929801941
7317,0.00016606334247626364
7318,0.3036920130252838
7319,0.999943733215332
7320,0.0008426551357842982
7321,0.9958052635192871
7322,0.016661791130900383
7323,0.9948018789291382
7324,0.0004898897605016828
7325,1.8553074596638908e-06
7326,0.9998654127120972
7327,0.998782217502594
7328,0.9999706745147705
7329,0.0015576896257698536
7330,8.536237146472558e-06
7331,0.0013800621964037418
7332,0.9997518658638
7333,1.1217144901820575e-06
7334,0.9999549388885498
7335,6.25854663667269e-05
7336,0.9985498785972595
7337,0.001423194888047874
7338,0.9998880624771118
7339,0.0087472228333354
7340,0.0034213901963084936
7341,0.944563090801239
7342,0.00031272077467292547
7343,0.999887228012085
7344,0.997774064540863
7345,2.0786936147487722e-05
7346,0.9999555349349976
7347,0.9986357092857361
7348,0.9999479055404663
7349,0.010268044658005238
7350,0.9999871253967285
7351,0.00576101616024971
7352,0.9990161657333374
7353,0.9999467134475708
7354,9.001616490422748e-06
7355,7.946641744638328e-07
7356,0.0003757620870601386
7357,0.0001983664697036147
7358,0.9999998807907104
7359,0.9999661445617676
7360,0.000410175824072212
7361,0.9999243021011353
7362,0.00016584749391768128
7363,0.0003068424994125962
7364,0.9999558925628662
7365,0.2183375507593155
7366,0.0005458777886815369
7367,0.9999288320541382
7368,0.9905427098274231
7369,0.00406021298840642
7370,0.9767358303070068
7371,0.9438126683235168
7372,0.9999974966049194
7373,0.014279323630034924
7374,0.9998685121536255
7375,0.9999828338623047
7376,0.18972145020961761
7377,0.0006095425342209637
7378,0.9917008280754089
7379,0.905014157295227
7380,0.00012837305257562548
7381,1.1929845641134307e-05
7382,0.0008712249109521508
7383,0.0016651602927595377
7384,0.0010271574137732387
7385,2.14905412576627e-05
7386,1.920251406772877e-06
7387,5.3023530199425295e-05
7388,0.03479476273059845
7389,0.0028050802648067474
7390,0.9980291724205017
7391,0.0032554669305682182
7392,0.9999836683273315
7393,0.9999876022338867
7394,0.008327214047312737
7395,0.999717652797699
7396,6.930201197974384e-05
7397,0.0012270169099792838
7398,0.9999151229858398
7399,0.9999817609786987
7400,0.8444650769233704
7401,3.447940116529935e-06
7402,0.0028773683588951826
7403,0.9995250701904297
7404,0.9999327659606934
7405,0.010634679347276688
7406,0.9999803304672241
7407,1.0
7408,0.0027186169754713774
7409,2.3231679733726196e-05
7410,0.9998902082443237
7411,0.00272838631644845
7412,0.9998761415481567
7413,0.9999996423721313
7414,0.0002756643807515502
7415,0.9997851252555847
7416,0.006127655040472746
7417,0.9999337196350098
7418,0.10085949301719666
7419,0.0004955410840921104
7420,0.9999133348464966
7421,0.9886271357536316
7422,0.9999125003814697
7423,0.999995231628418
7424,0.002028360962867737
7425,0.05771424248814583
7426,4.998682015866507e-06
7427,0.9999994039535522
7428,4.450597771210596e-06
7429,0.00047373914276249707
7430,0.9980965256690979
7431,0.9999983310699463
7432,1.1054440619773231e-05
7433,0.00014508329331874847
7434,0.9802947640419006
7435,0.9998786449432373
7436,0.999588668346405
7437,7.67240362620214e-06
7438,0.001868869410827756
7439,0.999891996383667
7440,0.0015256635379046202
7441,0.0005646497593261302
7442,3.480743771433481e-06
7443,0.9995013475418091
7444,1.333532782155089e-05
7445,0.999997615814209
7446,0.9998403787612915
7447,0.028559520840644836
7448,0.9999998807907104
7449,0.9998383522033691
7450,0.9999933242797852
7451,0.9889345765113831
7452,0.00013090156426187605
7453,0.9995482563972473
7454,0.9999948740005493
7455,0.9986248016357422
7456,0.00042450224282220006
7457,0.999942421913147
7458,0.9999985694885254
7459,0.002312834607437253
7460,0.00120911980047822
7461,0.9996703863143921
7462,0.9999957084655762
7463,0.7831531763076782
7464,2.3968132154550403e-05
7465,0.9999943971633911
7466,0.001525710104033351
7467,0.9999908208847046
7468,0.9999732971191406
7469,0.9999951124191284
7470,0.9999754428863525
7471,0.03339433670043945
7472,0.018843891099095345
7473,0.9992468357086182
7474,0.22423797845840454
7475,0.9971922039985657
7476,0.00047132757026702166
7477,0.0019233712228015065
7478,1.4026579265191685e-05
7479,0.9999207258224487
7480,0.12205983698368073
7481,2.486107223376166e-05
7482,0.001314877299591899
7483,0.0174541175365448
7484,0.9999067783355713
7485,0.0004989594453945756
7486,0.000818338303361088
7487,0.8382490277290344
7488,0.0005337895127013326
7489,0.9998414516448975
7490,0.9999997615814209
7491,0.06989815086126328
7492,0.9535817503929138
7493,0.9999016523361206
7494,0.999931812286377
7495,0.001555472263135016
7496,0.995873749256134
7497,1.520751879979798e-06
7498,0.0008627630886621773
7499,0.9999476671218872
7500,0.9626942873001099
7501,0.0018539027078077197
7502,0.999996542930603
7503,0.9923281073570251
7504,0.9998188614845276
7505,0.9999212026596069
7506,0.004030042327940464
7507,0.01952822506427765
7508,1.3955078429717105e-05
7509,0.9986581802368164
7510,0.9982317090034485
7511,0.0005747494869865477
7512,0.001845855382271111
7513,0.0006805423181504011
7514,0.9355641603469849
7515,0.032573066651821136
7516,0.9996567964553833
7517,0.9999985694885254
7518,0.9998385906219482
7519,0.9931058287620544
7520,0.9999969005584717
7521,0.9439020752906799
7522,0.0007826362852938473
7523,0.9999648332595825
7524,0.9999091625213623
7525,0.000519912748131901
7526,0.9994992017745972
7527,0.01158213336020708
7528,0.9999871253967285
7529,0.9994562268257141
7530,0.9997962117195129
7531,0.9999459981918335
7532,0.8599664568901062
7533,0.00048297474859282374
7534,0.9994844198226929
7535,3.998216925538145e-05
7536,0.9999631643295288
7537,0.9999788999557495
7538,0.9999698400497437
7539,0.01628314144909382
7540,0.0017438085051253438
7541,0.9965588450431824
7542,0.999998927116394
7543,0.9974857568740845
7544,0.999932050704956
7545,0.9856432676315308
7546,0.9960220456123352
7547,0.9999756813049316
7548,0.9999967813491821
7549,8.931467164075002e-05
7550,0.9553581476211548
7551,0.9999949932098389
7552,0.999756395816803
7553,0.9989970326423645
7554,0.9999954700469971
7555,0.9990755319595337
7556,0.11680968105792999
7557,1.4874069165671244e-05
7558,0.9999308586120605
7559,0.2576417326927185
7560,0.9952621459960938
7561,6.468719948315993e-05
7562,0.9973433613777161
7563,0.999686598777771
7564,0.9983893632888794
7565,0.0010542967356741428
7566,3.002608309543575e-06
7567,0.9996662139892578
7568,5.742668508901261e-05
7569,0.9999268054962158
7570,0.08766447007656097
7571,0.1317398101091385
7572,0.9999679327011108
7573,0.014195183292031288
7574,0.9922890067100525
7575,0.026777781546115875
7576,0.00012108102237107232
7577,0.9971057772636414
7578,0.8667013049125671
7579,0.9999998807907104
7580,0.9975990653038025
7581,0.001962146256119013
7582,0.9688350558280945
7583,7.570120214950293e-05
7584,0.9985741376876831
7585,0.9999984502792358
7586,4.690507012128364e-06
7587,0.9703035354614258
7588,3.5148650567862205e-06
7589,0.9999911785125732
7590,0.9284090995788574
7591,0.9998667240142822
7592,0.5003217458724976
7593,0.07578095048666
7594,0.9999711513519287
7595,0.9999966621398926
7596,0.9999916553497314
7597,0.002505006967112422
7598,0.0007493104203604162
7599,0.9995593428611755
7600,0.9991508722305298
7601,0.9999449253082275
7602,3.906272104359232e-05
7603,0.9999864101409912
7604,0.00017188233323395252
7605,0.000151547443238087
7606,0.9993335604667664
7607,0.0006178389303386211
7608,0.999817430973053
7609,0.9999336004257202
7610,3.267969805165194e-05
7611,0.0002705944352783263
7612,0.9999793767929077
7613,0.9999624490737915
7614,0.05103157460689545
7615,0.9661034941673279
7616,0.9999641180038452
7617,5.379252615966834e-05
7618,0.0003243334940634668
7619,3.8663797568005975e-06
7620,0.004643172491341829
7621,0.008431721478700638
7622,0.9992761015892029
7623,0.9998984336853027
7624,0.0011633682297542691
7625,0.9999946355819702
7626,4.513644398684846e-06
7627,0.9987058639526367
7628,0.9991545677185059
7629,0.00512288324534893
7630,1.2257895832590293e-05
7631,0.9925934672355652
7632,0.0003694802289828658
7633,5.039630923420191e-05
7634,0.00027356931241229177
7635,0.014693891629576683
7636,0.25005027651786804
7637,0.9998866319656372
7638,2.236237378383521e-06
7639,0.016542630270123482
7640,6.175733869895339e-05
7641,0.999961256980896
7642,0.9999175071716309
7643,0.9994800686836243
7644,0.9995496869087219
7645,0.9971975088119507
7646,0.13934174180030823
7647,0.9995244741439819
7648,0.9999737739562988
7649,0.0004964044201187789
7650,0.29704248905181885
7651,0.04563866928219795
7652,0.9999771118164062
7653,0.9672805666923523
7654,0.9999971389770508
7655,0.00014682165056001395
7656,0.0017240755259990692
7657,7.416374137392268e-05
7658,0.9927364587783813
7659,0.9990600943565369
7660,0.9990372657775879
7661,6.272790051298216e-05
7662,0.9999375343322754
7663,0.9999227523803711
7664,0.9997329115867615
7665,0.9987636804580688
7666,0.9999402761459351
7667,0.9977109432220459
7668,0.9999812841415405
7669,0.9997420907020569
7670,0.00019264937145635486
7671,0.9976093769073486
7672,9.00846043805359e-06
7673,0.00013068529369775206
7674,0.9999997615814209
7675,0.00044471831643022597
7676,0.000194426960661076
7677,0.00022830761736258864
7678,0.9979190230369568
7679,5.5033564422046766e-05
7680,0.9991618394851685
7681,0.9998151659965515
7682,4.2846400901908055e-05
7683,0.999206006526947
7684,0.9999984502792358
7685,0.00033964839531108737
7686,2.260744986415375e-05
7687,0.006221030373126268
7688,0.0002035637735389173
7689,0.00012132708798162639
7690,1.1614030881901272e-05
7691,0.3208671808242798
7692,0.0010874931467697024
7693,3.5752542316913605e-05
7694,0.9999116659164429
7695,0.9998399019241333
7696,0.9999785423278809
7697,0.009001798927783966
7698,8.54185509524541e-06
7699,1.1407278179831337e-05
7700,0.9116165637969971
7701,0.9988628625869751
7702,0.009978792630136013
7703,1.7168858903460205e-06
7704,0.999764621257782
7705,0.9996640682220459
7706,0.9876731038093567
7707,0.9976511597633362
7708,0.44037574529647827
7709,2.9310755053302273e-05
7710,0.5242456793785095
7711,0.9999889135360718
7712,0.0002203700423706323
7713,0.9876633286476135
7714,0.0007281954167410731
7715,0.9999641180038452
7716,0.9971820116043091
7717,0.9281753301620483
7718,0.004750941414386034
7719,0.9991764426231384
7720,0.0010320531437173486
7721,8.60931322677061e-05
7722,0.9999974966049194
7723,0.9999361038208008
7724,4.683709630626254e-05
7725,0.9744414687156677
7726,0.003240326652303338
7727,3.600525815272704e-05
7728,0.9996936321258545
7729,0.7964001893997192
7730,1.042269286699593e-05
7731,0.0016857883892953396
7732,0.9999145269393921
7733,0.19557389616966248
7734,0.9994051456451416
7735,0.9999768733978271
7736,0.999987006187439
7737,0.9953922033309937
7738,0.9996280670166016
7739,0.005997236352413893
7740,6.843200389994308e-05
7741,0.003014208748936653
7742,0.0006473035900853574
7743,1.9157287169946358e-05
7744,0.0002304829831700772
7745,0.9998818635940552
7746,0.00013030265108682215
7747,0.9997280240058899
7748,0.9999091625213623
7749,3.140610351692885e-05
7750,0.0009653171873651445
7751,0.9998469352722168
7752,0.9999096393585205
7753,1.0667894457583316e-05
7754,0.001954423962160945
7755,0.051711831241846085
7756,0.9808123111724854
7757,0.0005272175185382366
7758,0.999824583530426
7759,0.3484795391559601
7760,0.9622011184692383
7761,5.426758070825599e-05
7762,0.0002146395418094471
7763,0.0002612605458125472
7764,0.9999395608901978
7765,0.9999595880508423
7766,0.9997424483299255
7767,0.00014786850078962743
7768,7.939393071865197e-06
7769,0.9997919201850891
7770,0.09008297324180603
7771,0.45020049810409546
7772,0.0032434931490570307
7773,0.0025675564538687468
7774,0.9995539784431458
7775,0.9999823570251465
7776,0.9998615980148315
7777,0.0003130387340206653
7778,0.00013729727652389556
7779,0.000268986274022609
7780,0.2765163779258728
7781,3.0099734431132674e-05
7782,0.6783415079116821
7783,0.9999793767929077
7784,2.711082015594002e-05
7785,0.9999498128890991
7786,0.0005034212372265756
7787,0.6371633410453796
7788,0.9978592991828918
7789,0.9999537467956543
7790,0.9854375123977661
7791,0.0006829339545220137
7792,5.531936494662659e-06
7793,1.16090695883031e-05
7794,0.0003149197727907449
7795,0.00030895249801687896
7796,0.9946578145027161
7797,0.9988238215446472
7798,0.9999908208847046
7799,0.9837250113487244
7800,0.9999861717224121
7801,0.00036741141229867935
7802,1.901323048514314e-05
7803,0.9998931884765625
7804,0.9996426105499268
7805,0.09042473137378693
7806,3.180514340783702e-06
7807,0.9999781847000122
7808,0.000175881024915725
7809,0.002903167624026537
7810,0.0009908939246088266
7811,0.0003642822557594627
7812,0.9992679953575134
7813,0.9991998076438904
7814,0.9998107552528381
7815,0.9959056377410889
7816,0.9999749660491943
7817,0.9998830556869507
7818,0.999974250793457
7819,0.00012111601972719654
7820,0.998988687992096
7821,2.6882019028562354e-06
7822,0.9989846348762512
7823,0.9999983310699463
7824,5.7673754781717435e-05
7825,4.001607976533705e-06
7826,0.9989674091339111
7827,0.9999521970748901
7828,0.9999982118606567
7829,0.5708461403846741
7830,0.22505393624305725
7831,0.008638271130621433
7832,8.51506702019833e-05
7833,0.020523743703961372
7834,0.9995013475418091
7835,0.9920129179954529
7836,0.997931718826294
7837,0.9998528957366943
7838,0.9999192953109741
7839,0.999975323677063
7840,0.9898121953010559
7841,0.010880915448069572
7842,0.996019184589386
7843,0.9999428987503052
7844,0.005913001950830221
7845,0.9998562335968018
7846,0.5004528164863586
7847,0.0008509272593073547
7848,0.9998993873596191
7849,0.9998824596405029
7850,0.002867111237719655
7851,5.658673671860015e-06
7852,3.675257175927982e-05
7853,0.9999270439147949
7854,0.0015554975252598524
7855,0.47041574120521545
7856,0.9995656609535217
7857,0.02938072942197323
7858,0.038864150643348694
7859,2.97684582619695e-05
7860,0.751472532749176
7861,0.9851293563842773
7862,3.430746801313944e-05
7863,0.0005814335308969021
7864,0.9997773766517639
7865,5.2494200645014644e-05
7866,0.0013336590491235256
7867,2.0456043785088696e-05
7868,0.032541580498218536
7869,0.9999781847000122
7870,0.3751673102378845
7871,0.025664793327450752
7872,0.04713757336139679
7873,0.9998438358306885
7874,0.9998025298118591
7875,0.999969482421875
7876,0.6010757088661194
7877,5.330002386472188e-05
7878,0.005388708785176277
7879,3.7458346923813224e-05
7880,0.9998713731765747
7881,0.9999992847442627
7882,2.5433495466131717e-05
7883,0.00020334281725808978
7884,0.009754943661391735
7885,0.9999312162399292
7886,0.0024031102657318115
7887,0.9999983310699463
7888,3.130847062493558e-06
7889,0.0002601998276077211
7890,0.0014990082709118724
7891,0.987654983997345
7892,0.9999994039535522
7893,0.9988012313842773
7894,0.9999890327453613
7895,0.000978735159151256
7896,0.9999762773513794
7897,0.0005950807826593518
7898,0.9973945617675781
7899,0.3124141991138458
7900,0.9999116659164429
7901,0.9999648332595825
7902,0.999993085861206
7903,0.9998670816421509
7904,0.0016690895427018404
7905,0.000406344304792583
7906,0.9999699592590332
7907,0.9999979734420776
7908,0.9130640625953674
7909,0.9999853372573853
7910,0.0014123073779046535
7911,0.9761083722114563
7912,0.9999994039535522
7913,0.9983939528465271
7914,0.9815664291381836
7915,0.0015164780197665095
7916,0.9999886751174927
7917,0.0005498317768797278
7918,0.9999955892562866
7919,5.951173443463631e-05
7920,0.9999918937683105
7921,0.9858799576759338
7922,0.9999911785125732
7923,0.6946898698806763
7924,0.00026626355247572064
7925,0.9998708963394165
7926,3.140352782793343e-05
7927,0.9959489107131958
7928,0.9994006156921387
7929,0.9999995231628418
7930,0.2118924856185913
7931,7.248912879731506e-05
7932,0.9999908208847046
7933,0.9999657869338989
7934,0.9999291896820068
7935,0.9999194145202637
7936,0.0027167131192982197
7937,0.9999693632125854
7938,0.9999672174453735
7939,0.9999778270721436
7940,8.799951501714531e-06
7941,0.9956099390983582
7942,9.463482274441049e-05
7943,0.00036880263360217214
7944,9.006476830109023e-06
7945,0.9997033476829529
7946,0.9999996423721313
7947,0.999909520149231
7948,0.000323980872053653
7949,0.9999904632568359
7950,9.084043313123402e-07
7951,3.608527913456783e-05
7952,0.41451019048690796
7953,4.8939200496533886e-05
7954,8.879706001607701e-05
7955,0.00013942160876467824
7956,0.9999209642410278
7957,0.9999678134918213
7958,0.00048421238898299634
7959,0.9992464780807495
7960,0.47352316975593567
7961,0.19222861528396606
7962,6.179062620503828e-05
7963,0.9934968948364258
7964,0.9452749490737915
7965,0.00020071116159670055
7966,0.9589691162109375
7967,0.9977001547813416
7968,0.1057019904255867
7969,1.0
7970,0.0004709049826487899
7971,0.00022165675181895494
7972,0.0013410698156803846
7973,8.494556095683947e-05
7974,3.352714702486992e-05
7975,0.9999980926513672
7976,9.696790220914409e-05
7977,0.9999994039535522
7978,1.1781799912569113e-05
7979,0.00022754573728889227
7980,4.115671345061855e-06
7981,0.9988956451416016
7982,0.999961256980896
7983,0.002107264008373022
7984,0.015019374899566174
7985,0.9976715445518494
7986,0.9991428852081299
7987,1.5534369595116004e-05
7988,0.999594509601593
7989,0.9566527605056763
7990,0.9999940395355225
7991,0.0002645484055392444
7992,9.026064617501106e-06
7993,0.9959314465522766
7994,0.00015833775978535414
7995,0.006779463496059179
7996,9.720240632304922e-05
7997,0.002182288561016321
7998,0.9999706745147705
7999,0.02913542650640011
8000,0.05186287686228752
8001,3.4030303908139103e-08
8002,3.1031286198413e-05
8003,0.9997023940086365
8004,5.861641329829581e-05
8005,0.9999886751174927
8006,1.65052904321783e-06
8007,0.0028438277076929808
8008,0.9999961853027344
8009,1.5322129911510274e-05
8010,0.9999878406524658
8011,0.9999936819076538
8012,0.03314054012298584
8013,0.3252345025539398
8014,0.9998691082000732
8015,9.278098218601372e-07
8016,0.9432433247566223
8017,7.4461931944824755e-06
8018,0.9791815280914307
8019,0.999552309513092
8020,0.0949123427271843
8021,0.9993034601211548
8022,0.0005498317768797278
8023,0.9987855553627014
8024,0.9995608925819397
8025,6.628883420489728e-05
8026,1.4482027836493216e-05
8027,0.999900221824646
8028,0.9998787641525269
8029,0.0012497866991907358
8030,0.006699752062559128
8031,0.9991090893745422
8032,0.9999802112579346
8033,0.9998569488525391
8034,6.269345931286807e-07
8035,8.278015428686558e-08
8036,4.4458149204729125e-05
8037,0.9953248500823975
8038,6.459297310357215e-06
8039,0.00017522320558782667
8040,6.649504211964086e-05
8041,7.936479050840717e-06
8042,0.005337564740329981
8043,0.9999969005584717
8044,0.10988953709602356
8045,0.9963865280151367
8046,9.501559543423355e-05
8047,0.1565316766500473
8048,0.10455029457807541
8049,0.9999966621398926
8050,0.9997301697731018
8051,0.9999606609344482
8052,8.534551852790173e-06
8053,0.0001705441391095519
8054,0.9999996423721313
8055,0.9924310445785522
8056,0.9999048709869385
8057,0.9970417618751526
8058,0.9999990463256836
8059,3.50404588971287e-05
8060,0.9939640164375305
8061,0.9999985694885254
8062,9.143355418927968e-05
8063,0.0027515680994838476
8064,0.9999350309371948
8065,0.9998878240585327
8066,0.003152233548462391
8067,0.9999773502349854
8068,0.9998923540115356
8069,0.020293351262807846
8070,0.9999275207519531
8071,0.0036270476412028074
8072,0.9966123700141907
8073,0.3703649640083313
8074,0.9999514818191528
8075,0.9745762944221497
8076,0.9999287128448486
8077,0.9999814033508301
8078,0.9999982118606567
8079,0.4001346230506897
8080,0.9381029009819031
8081,0.00024185437359847128
8082,0.9999077320098877
8083,0.9997538924217224
8084,0.25135132670402527
8085,3.4658405638765544e-05
8086,0.9998944997787476
8087,0.05826219916343689
8088,0.9997323155403137
8089,5.313047950039618e-05
8090,0.06889378279447556
8091,0.9999998807907104
8092,0.9997462630271912
8093,0.001093176775611937
8094,3.0089322535786778e-05
8095,0.9999219179153442
8096,0.9996637105941772
8097,0.0003800142148975283
8098,0.9998289346694946
8099,0.00016659541870467365
8100,0.0018665653187781572
8101,0.9999105930328369
8102,0.9994369149208069
8103,0.1194613054394722
8104,0.002318366663530469
8105,0.6035317778587341
8106,0.018160181120038033
8107,4.796824214281514e-05
8108,0.9996364116668701
8109,2.8032911359332502e-05
8110,0.9994055032730103
8111,6.516367648146115e-06
8112,0.058593250811100006
8113,0.9999969005584717
8114,0.9999865293502808
8115,0.00048082819557748735
8116,2.0102670532651246e-06
8117,0.9981796741485596
8118,0.9999905824661255
8119,0.0002822013630066067
8120,0.002764920238405466
8121,0.9999637603759766
8122,0.999948263168335
8123,0.999966025352478
8124,0.05310149863362312
8125,0.0011420388473197818
8126,0.999998927116394
8127,0.9999983310699463
8128,0.008711199276149273
8129,0.32300278544425964
8130,7.668234320590273e-05
8131,0.9998831748962402
8132,0.0016821478493511677
8133,0.9998805522918701
8134,0.9814421534538269
8135,5.91927528148517e-06
8136,0.00028173523605801165
8137,0.020710308104753494
8138,0.517617404460907
8139,0.9999974966049194
8140,0.8248641490936279
8141,0.17501996457576752
8142,0.9994024038314819
8143,0.9998303651809692
8144,1.924624666571617e-05
8145,0.9855072498321533
8146,0.0005144279566593468
8147,0.9999985694885254
8148,0.9999936819076538
8149,0.03646199777722359
8150,0.0022652982734143734
8151,0.0014477320946753025
8152,1.71643932844745e-05
8153,0.9996823072433472
8154,0.0005455989739857614
8155,0.9999966621398926
8156,0.00858788937330246
8157,0.9999971389770508
8158,0.9998941421508789
8159,0.9990468621253967
8160,0.9998703002929688
8161,0.128105029463768
8162,1.0
8163,0.0006515227723866701
8164,0.9977904558181763
8165,0.020274950191378593
8166,0.7714452743530273
8167,0.00015053896640893072
8168,0.8226795196533203
8169,0.9999886751174927
8170,8.939542567532044e-06
8171,6.030818258295767e-05
8172,0.00011247440124861896
8173,0.00012037705891998485
8174,0.998769223690033
8175,0.0073951734229922295
8176,0.0001673104998189956
8177,0.9997597336769104
8178,0.00025217587244696915
8179,0.0032846294343471527
8180,0.9999845027923584
8181,0.0001871519343694672
8182,0.9985045194625854
8183,0.9999755620956421
8184,0.013215376995503902
8185,0.9991003274917603
8186,3.237693817936815e-05
8187,0.9999995231628418
8188,0.001579734613187611
8189,0.0005170368240214884
8190,0.9886870384216309
8191,0.9994008541107178
8192,0.002221617614850402
8193,0.9999017715454102
8194,0.9998942613601685
8195,0.002059484366327524
8196,0.008088916540145874
8197,0.9999990463256836
8198,0.0001933407038450241
8199,0.9983616471290588
8200,0.0001266632170882076
8201,0.999951958656311
8202,0.8502129912376404
8203,0.2532135844230652
8204,0.00019379029981791973
8205,0.5418776869773865
8206,0.7496793866157532
8207,0.9999911785125732
8208,0.9998949766159058
8209,3.0056278319534613e-06
8210,0.003054816508665681
8211,0.9994860887527466
8212,0.9998853206634521
8213,0.9720224142074585
8214,0.0002766670659184456
8215,0.9996516704559326
8216,0.9996954202651978
8217,0.9104987382888794
8218,2.9067912691971287e-05
8219,0.9999853372573853
8220,0.17352697253227234
8221,0.9659247398376465
8222,2.971614321722882e-06
8223,0.9999899864196777
8224,0.999976396560669
8225,0.0018959372537210584
8226,5.7536253734724596e-05
8227,0.9999794960021973
8228,0.9989694356918335
8229,0.9999964237213135
8230,0.9999816417694092
8231,1.4818245290371124e-05
8232,5.6269742344738916e-05
8233,0.0009590431000106037
8234,0.9999735355377197
8235,2.3746917577227578e-05
8236,0.08786824345588684
8237,0.02092205174267292
8238,0.999745786190033
8239,0.029299752786755562
8240,0.9830400347709656
8241,5.2649611461674795e-05
8242,0.9999794960021973
8243,0.9984691739082336
8244,0.0037432771641761065
8245,0.000531475932803005
8246,0.981269359588623
8247,0.011386217549443245
8248,0.9999232292175293
8249,0.9997969269752502
8250,0.13864366710186005
8251,0.0013573931064456701
8252,0.0003821765712928027
8253,0.00420569721609354
8254,6.224963726708665e-05
8255,0.9999635219573975
8256,0.9975817203521729
8257,0.0023853727616369724
8258,0.9435424208641052
8259,0.999935507774353
8260,0.998694121837616
8261,0.0005496928934007883
8262,0.0008656753925606608
8263,0.9999336004257202
8264,0.9995096921920776
8265,0.14971081912517548
8266,0.0001772933464962989
8267,0.9971041083335876
8268,0.00914311595261097
8269,0.999754011631012
8270,8.429389708908275e-05
8271,0.9998605251312256
8272,0.0003097759617958218
8273,2.4076564386632526e-06
8274,3.884377656504512e-05
8275,0.016228163614869118
8276,0.9999744892120361
8277,0.0035542109981179237
8278,0.9935764670372009
8279,0.9988312125205994
8280,0.9999969005584717
8281,0.998435914516449
8282,0.0001346341014141217
8283,0.9975250363349915
8284,0.0027859359979629517
8285,0.9937216639518738
8286,0.9993261098861694
8287,0.12413151562213898
8288,0.999940037727356
8289,0.03706449642777443
8290,1.790739770513028e-05
8291,0.9998328685760498
8292,0.9998948574066162
8293,0.09549739956855774
8294,3.7677527870982885e-05
8295,1.902797339425888e-05
8296,0.0007388012600131333
8297,0.00026899349177256227
8298,0.0011441211681813002
8299,9.925765880325343e-06
8300,0.0043380712158977985
8301,0.9999574422836304
8302,0.02263467200100422
8303,0.9667765498161316
8304,0.999308705329895
8305,0.9999769926071167
8306,0.9988614320755005
8307,0.00011600925063248724
8308,0.9915794134140015
8309,0.9996390342712402
8310,0.9999593496322632
8311,0.00013897696044296026
8312,0.027136443182826042
8313,2.871979449992068e-05
8314,0.002637919271364808
8315,2.470831896062009e-05
8316,0.9998072981834412
8317,0.2676399350166321
8318,7.478422503481852e-06
8319,0.9995796084403992
8320,0.00017704722995404154
8321,0.9999910593032837
8322,0.12628257274627686
8323,0.9965676069259644
8324,0.9995694756507874
8325,0.9998538494110107
8326,0.9999985694885254
8327,0.9998867511749268
8328,9.907580533763394e-05
8329,2.3894735932117328e-05
8330,3.94531480196747e-06
8331,0.9967503547668457
8332,0.9999961853027344
8333,0.4117162823677063
8334,0.009736803360283375
8335,0.9999629259109497
8336,0.00018407114839646965
8337,0.9999359846115112
8338,1.2896875887236092e-05
8339,0.997421145439148
8340,0.00021652833675034344
8341,0.9999780654907227
8342,0.9999986886978149
8343,0.9992621541023254
8344,0.9998656511306763
8345,5.1947707106592134e-05
8346,0.999935507774353
8347,0.9998776912689209
8348,0.0005641179741360247
8349,0.0020987321622669697
8350,0.9997662901878357
8351,0.00023515310022048652
8352,6.962885527173057e-05
8353,0.004451611544936895
8354,0.0003654840693343431
8355,0.9999103546142578
8356,2.1093187569931615e-06
8357,0.9996479749679565
8358,0.8927035927772522
8359,0.0013481862843036652
8360,0.9998764991760254
8361,0.9999940395355225
8362,0.9904334545135498
8363,0.001483278232626617
8364,0.9999231100082397
8365,0.02443026751279831
8366,1.1731414815585595e-05
8367,0.0020968306344002485
8368,0.00034502914058975875
8369,0.9999798536300659
8370,0.10347309708595276
8371,7.206991722341627e-05
8372,1.45122348840232e-05
8373,0.0011196347186341882
8374,8.109583723125979e-05
8375,0.9917539358139038
8376,4.9423349992139265e-05
8377,5.404138209996745e-05
8378,0.999454915523529
8379,0.9998338222503662
8380,0.9998581409454346
8381,0.009999253787100315
8382,0.9997790455818176
8383,0.12717439234256744
8384,0.9999638795852661
8385,0.7877035737037659
8386,0.000168765036505647
8387,5.070715633337386e-05
8388,0.9999712705612183
8389,0.9999651908874512
8390,0.9987072944641113
8391,2.512995524739381e-05
8392,0.9999899864196777
8393,1.893054650281556e-05
8394,0.9999887943267822
8395,0.9677621722221375
8396,0.9999947547912598
8397,8.614905527792871e-05
8398,0.9985425472259521
8399,0.9999039173126221
8400,4.520510992733762e-05
8401,0.00019448946113698184
8402,3.2652282243361697e-05
8403,0.9993852376937866
8404,0.023531189188361168
8405,0.0002767058031167835
8406,0.08464819192886353
8407,0.9999940395355225
8408,0.013245439156889915
8409,0.0004167891456745565
8410,0.09286195039749146
8411,0.9999433755874634
8412,0.9991483688354492
8413,2.4577502699685283e-06
8414,0.9999876022338867
8415,0.9999994039535522
8416,0.9977825284004211
8417,2.5571853257133625e-05
8418,0.4483189284801483
8419,0.9996868371963501
8420,0.0057908035814762115
8421,0.00012258700735401362
8422,0.9998602867126465
8423,0.00027567148208618164
8424,0.9982064962387085
8425,0.01466767955571413
8426,3.935949280275963e-06
8427,0.8991144299507141
8428,0.3098931908607483
8429,0.001764646964147687
8430,0.9999947547912598
8431,0.0006026183255016804
8432,9.548068192088977e-06
8433,0.9998716115951538
8434,0.9996713399887085
8435,2.418418625893537e-05
8436,0.029505714774131775
8437,0.0025477090384811163
8438,0.9999892711639404
8439,0.9999994039535522
8440,0.9997442364692688
8441,0.8147397041320801
8442,0.9877177476882935
8443,0.00030582849285565317
8444,0.9999988079071045
8445,0.9999990463256836
8446,2.2632300897384994e-05
8447,0.05548028275370598
8448,0.9975837469100952
8449,0.999924898147583
8450,8.650418021716177e-05
8451,6.25540706096217e-05
8452,0.17626255750656128
8453,0.00010629103053361177
8454,1.4605676369683351e-05
8455,0.9999926090240479
8456,0.0002910560870077461
8457,0.9825592041015625
8458,0.0359438955783844
8459,0.01639561727643013
8460,0.004526573233306408
8461,0.9991123080253601
8462,6.035616752342321e-05
8463,0.9970836043357849
8464,0.9888079762458801
8465,0.0005895309732295573
8466,2.0095674244657857e-06
8467,0.9999144077301025
8468,0.0008633901597931981
8469,5.238888115854934e-05
8470,0.9998775720596313
8471,0.002720111981034279
8472,0.15994445979595184
8473,0.05023913457989693
8474,0.999996542930603
8475,1.0108817150467075e-05
8476,0.9999990463256836
8477,4.942966916132718e-05
8478,0.9999955892562866
8479,0.9950953722000122
8480,8.43326506583253e-06
8481,0.9999995231628418
8482,0.38269752264022827
8483,0.9998984336853027
8484,0.03505344316363335
8485,0.9999717473983765
8486,0.9999921321868896
8487,2.5036208171513863e-05
8488,0.9999923706054688
8489,2.8992444640607573e-05
8490,0.015637820586562157
8491,0.05700443685054779
8492,0.00046100016334094107
8493,6.472221684816759e-06
8494,0.0003604547819122672
8495,0.48666998744010925
8496,0.9737146496772766
8497,0.9999890327453613
8498,0.00014412403106689453
8499,0.008906365372240543
8500,0.0001530131121398881
8501,0.0003790199989452958
8502,4.3154523154953495e-05
8503,0.9999984502792358
8504,0.005755415186285973
8505,0.9998947381973267
8506,0.00016582992975600064
8507,0.0006969327223487198
8508,7.115769403753802e-05
8509,0.9730058312416077
8510,0.1207127794623375
8511,0.008401406928896904
8512,0.988027811050415
8513,0.0010872901184484363
8514,0.008501682430505753
8515,0.9999397993087769
8516,0.9957734942436218
8517,0.03853489086031914
8518,0.9998407363891602
8519,0.9988296627998352
8520,4.274942330084741e-05
8521,0.39472171664237976
8522,0.0006262929528020322
8523,0.00014065919094718993
8524,0.08277927339076996
8525,4.904628804069944e-05
8526,8.52144330565352e-06
8527,0.9999475479125977
8528,0.9999021291732788
8529,5.5033564422046766e-05
8530,0.0004108881112188101
8531,0.0008746742969378829
8532,0.9917685985565186
8533,0.00018875622481573373
8534,0.9999940395355225
8535,0.0014820998767390847
8536,2.3357037207460962e-05
8537,0.0120466323569417
8538,3.812251452472992e-05
8539,0.9999958276748657
8540,0.9991822838783264
8541,0.9999618530273438
8542,0.9999045133590698
8543,0.9997945427894592
8544,0.9998396635055542
8545,0.9998700618743896
8546,0.0009480014559812844
8547,0.9999992847442627
8548,0.9996145963668823
8549,0.0028443282935768366
8550,0.011016319505870342
8551,0.9978681802749634
8552,0.373057097196579
8553,2.837665488186758e-05
8554,0.00027527648489922285
8555,1.4682786968478467e-06
8556,0.9999908208847046
8557,0.9996432065963745
8558,9.920173033606261e-05
8559,0.9999834299087524
8560,0.997226893901825
8561,0.9999432563781738
8562,0.9999523162841797
8563,0.0006014402606524527
8564,0.9985789060592651
8565,0.9998608827590942
8566,1.1254969649598934e-06
8567,0.00828417856246233
8568,0.03303547948598862
8569,0.9999535083770752
8570,1.072664417733904e-05
8571,0.993155300617218
8572,0.988300085067749
8573,0.9990377426147461
8574,0.0026488513685762882
8575,0.00031424197368323803
8576,0.00014075257058721036
8577,0.001215564552694559
8578,0.99724942445755
8579,0.9999973773956299
8580,0.0013986242702230811
8581,0.996309220790863
8582,1.2906104529974982e-05
8583,0.999834418296814
8584,0.0002201182651333511
8585,7.53604545025155e-05
8586,0.00014877774810884148
8587,0.3482070863246918
8588,0.10343384742736816
8589,0.9999622106552124
8590,0.9999754428863525
8591,6.581749039469287e-05
8592,0.9325775504112244
8593,8.453386726614553e-06
8594,0.1395871490240097
8595,0.00012647385301534086
8596,0.999913215637207
8597,0.0005957771791145205
8598,8.376419827982318e-06
8599,0.006599404849112034
8600,0.9957764744758606
8601,0.9999998807907104
8602,6.025745733495569e-07
8603,0.9997369647026062
8604,0.0030401682015508413
8605,0.00017772021237760782
8606,0.020009541884064674
8607,0.9976293444633484
8608,1.2411696843628306e-05
8609,0.960726261138916
8610,0.9999924898147583
8611,0.9999961853027344
8612,0.9998822212219238
8613,0.9999985694885254
8614,0.0013023503124713898
8615,0.999969482421875
8616,1.4096177437750157e-05
8617,3.2291987736243755e-05
8618,0.02468927390873432
8619,5.497699021361768e-06
8620,0.999946117401123
8621,0.5114749073982239
8622,0.9999971389770508
8623,0.016787638887763023
8624,0.00029853940941393375
8625,0.00014978712715674192
8626,0.916549026966095
8627,0.6602323055267334
8628,0.9999947547912598
8629,0.9999309778213501
8630,0.971633791923523
8631,9.755564678926021e-05
8632,0.9955137372016907
8633,0.9996685981750488
8634,0.9999828338623047
8635,0.9999849796295166
8636,0.999991774559021
8637,0.9999815225601196
8638,0.9996160268783569
8639,3.262768950662576e-05
8640,0.00044767677900381386
8641,0.00034990915446542203
8642,0.9993972778320312
8643,0.9927029609680176
8644,0.0026255135890096426
8645,0.9999804496765137
8646,0.9999479055404663
8647,1.7518955246487167e-06
8648,0.9999783039093018
8649,0.002698849653825164
8650,1.0359894076827914e-05
8651,0.9999949932098389
8652,0.00211191363632679
8653,0.999946117401123
8654,0.9999761581420898
8655,0.5218335390090942
8656,0.00018590748368296772
8657,1.7548487448948435e-05
8658,0.00010428171663079411
8659,5.912261258345097e-05
8660,0.0001962683309102431
8661,0.9999996423721313
8662,0.00025697803357616067
8663,0.9999929666519165
8664,0.0009392160573042929
8665,5.576147304964252e-05
8666,0.9999425411224365
8667,0.005548285786062479
8668,0.9999984502792358
8669,0.15661054849624634
8670,0.9999963045120239
8671,0.9642949104309082
8672,0.9990744590759277
8673,0.6411116719245911
8674,0.5564083456993103
8675,0.9999974966049194
8676,0.9990538954734802
8677,0.9999890327453613
8678,8.870515739545226e-05
8679,0.0007056738832034171
8680,0.0004025918897241354
8681,0.007827959954738617
8682,0.0024240079801529646
8683,0.9999867677688599
8684,0.0005138815613463521
8685,2.73113892035326e-06
8686,0.25108417868614197
8687,0.10312362015247345
8688,0.9995551705360413
8689,0.001600697636604309
8690,7.681794045311108e-07
8691,0.9985081553459167
8692,0.002688381588086486
8693,0.9999933242797852
8694,0.9999954700469971
8695,0.9998997449874878
8696,0.9998750686645508
8697,0.9995576739311218
8698,0.0017749613616615534
8699,0.9996896982192993
8700,0.9999381303787231
8701,0.00040303333662450314
8702,0.9889633655548096
8703,0.9999382495880127
8704,0.0002115228126058355
8705,7.276450560311787e-06
8706,0.9999446868896484
8707,0.9986959099769592
8708,0.9999488592147827
8709,0.0016066266689449549
8710,9.697455971036106e-05
8711,3.7215057091088966e-05
8712,0.9999963045120239
8713,0.9999982118606567
8714,0.00034314554068259895
8715,0.9999995231628418
8716,0.6288911700248718
8717,1.9935616364818998e-05
8718,2.5453582566115074e-05
8719,0.9999988079071045
8720,0.9421919584274292
8721,0.9907982349395752
8722,0.9999942779541016
8723,9.571250814133236e-08
8724,0.004029829986393452
8725,0.8950099945068359
8726,0.0001027343823807314
8727,0.9996787309646606
8728,0.9663845300674438
8729,0.999416708946228
8730,0.08485554903745651
8731,0.9788541793823242
8732,0.998751163482666
8733,0.9916501045227051
8734,3.578078030841425e-05
8735,0.4578305780887604
8736,0.9999992847442627
8737,0.02939956821501255
8738,0.7794679999351501
8739,0.9086305499076843
8740,0.9999407529830933
8741,2.0329187464085408e-05
8742,0.008686342276632786
8743,0.9255009293556213
8744,0.0002688512031454593
8745,0.9998260140419006
8746,0.9999414682388306
8747,0.0003047771460842341
8748,2.736271380854305e-05
8749,0.0019762704614549875
8750,0.00023672757379245013
8751,9.686003977549262e-06
8752,0.6567761898040771
8753,1.7501823776910896e-06
8754,1.8979829974341555e-06
8755,0.9826400876045227
8756,0.9992167949676514
8757,5.755946403951384e-06
8758,0.9995803236961365
8759,0.9999909400939941
8760,0.00033869320759549737
8761,0.614633321762085
8762,0.9998218417167664
8763,0.3299037218093872
8764,0.0007537574274465442
8765,0.0007302055018953979
8766,5.063474759481323e-07
8767,0.999981164932251
8768,0.9315547943115234
8769,0.5835605263710022
8770,1.878328293969389e-05
8771,0.9996060729026794
8772,0.8791177272796631
8773,0.00037576694739982486
8774,0.0007262937142513692
8775,0.9998868703842163
8776,0.0018387887394055724
8777,8.280058523268963e-07
8778,0.38734906911849976
8779,0.9965092539787292
8780,0.0003895880945492536
8781,1.0648398529156111e-05
8782,0.03008667752146721
8783,0.0001243115111719817
8784,0.9999887943267822
8785,0.0004978791112080216
8786,0.9999545812606812
8787,0.00016927851538639516
8788,0.9979839324951172
8789,0.9999326467514038
8790,0.1515531986951828
8791,0.9930800795555115
8792,0.999994158744812
8793,0.9998712539672852
8794,0.9999943971633911
8795,0.02395998314023018
8796,0.999413013458252
8797,0.999993085861206
8798,1.4480867321253754e-05
8799,0.9999922513961792
8800,0.9999923706054688
8801,0.9961285591125488
8802,0.9999994039535522
8803,0.00016575436166021973
8804,0.9998015761375427
8805,0.002175601664930582
8806,0.2671428322792053
8807,0.9997633099555969
8808,1.5757688743178733e-05
8809,0.9999939203262329
8810,2.928672984126024e-06
8811,0.9999998807907104
8812,0.9924054741859436
8813,0.007549717091023922
8814,3.227329580113292e-05
8815,0.9999856948852539
8816,0.9999722242355347
8817,0.9999544620513916
8818,0.99969482421875
8819,0.9999985694885254
8820,7.916440154076554e-06
8821,0.9973464012145996
8822,0.9013004899024963
8823,0.9995456337928772
8824,0.0005753013538196683
8825,1.0681275171009474e-06
8826,0.0030036773532629013
8827,0.9999927282333374
8828,0.999889612197876
8829,0.9931091070175171
8830,0.9998311996459961
8831,0.9999914169311523
8832,0.001056066481396556
8833,0.0005980295245535672
8834,0.005790844094008207
8835,0.9999819993972778
8836,1.9032038835575804e-05
8837,0.9599191546440125
8838,0.9999910593032837
8839,0.8252658843994141
8840,0.0027629437390714884
8841,1.731619704514742e-05
8842,0.9999666213989258
8843,0.9999935626983643
8844,0.00014901401300448924
8845,3.1538220355287194e-05
8846,0.9999871253967285
8847,0.9978563189506531
8848,0.0005565000465139747
8849,8.842838724376634e-05
8850,0.7996618747711182
8851,0.0034348720218986273
8852,6.632368240389042e-06
8853,0.0014037819346413016
8854,0.0047151632606983185
8855,0.9995830655097961
8856,0.044255126267671585
8857,0.9972965121269226
8858,6.804689473938197e-05
8859,9.32003022171557e-05
8860,0.9526194930076599
8861,0.9991791844367981
8862,0.9999755620956421
8863,0.9999539852142334
8864,0.9997819066047668
8865,0.9990255832672119
8866,0.0002722918870858848
8867,0.006222117692232132
8868,0.9983657002449036
8869,0.9999756813049316
8870,0.9999939203262329
8871,0.00017786212265491486
8872,8.105647430056706e-05
8873,0.0046667191199958324
8874,0.011659092269837856
8875,0.00011355314200045541
8876,9.927300197887234e-06
8877,0.986615777015686
8878,0.9999642372131348
8879,0.9997581839561462
8880,0.8522404432296753
8881,0.9999328851699829
8882,0.9988086223602295
8883,0.9999451637268066
8884,0.9999417066574097
8885,0.0683213546872139
8886,0.00021585430658888072
8887,0.0002333918382646516
8888,0.9999560117721558
8889,0.9979650974273682
8890,0.0003224807733204216
8891,0.7846369743347168
8892,0.999767005443573
8893,1.0511962500459049e-07
8894,5.1396222261246294e-05
8895,0.00011202849418623373
8896,0.0029613361693918705
8897,0.9999940395355225
8898,0.9999819993972778
8899,0.000106551029602997
8900,4.3796935642603785e-05
8901,0.9999328851699829
8902,0.03311748802661896
8903,0.9999964237213135
8904,2.7754404072766192e-05
8905,1.5898396668490022e-05
8906,7.526400440838188e-05
8907,0.9970628619194031
8908,4.641655323212035e-05
8909,4.131720743316691e-06
8910,7.83349037192238e-07
8911,0.00021309652947820723
8912,7.052283308439655e-06
8913,0.9999620914459229
8914,0.0004456918977666646
8915,0.9915748238563538
8916,0.0024500919971615076
8917,0.1640879064798355
8918,0.9947892427444458
8919,0.7782078981399536
8920,0.999932050704956
8921,0.006062896456569433
8922,0.0041680410504341125
8923,0.7690743803977966
8924,0.9998809099197388
8925,0.7215307950973511
8926,4.812503539142199e-05
8927,0.9999628067016602
8928,0.014434047974646091
8929,3.482206739136018e-05
8930,5.838024890181259e-07
8931,2.064449745375896e-06
8932,1.2889302524854429e-05
8933,0.999991774559021
8934,0.001141415094025433
8935,0.9999997615814209
8936,0.9999986886978149
8937,0.01833079569041729
8938,0.9999896287918091
8939,0.9999922513961792
8940,0.998325526714325
8941,1.6803349353722297e-05
8942,2.0637391571654007e-05
8943,8.398536920140032e-06
8944,0.9996706247329712
8945,0.00015182368224486709
8946,0.001104210503399372
8947,0.9999973773956299
8948,0.9943407773971558
8949,0.00029378008912317455
8950,0.9979744553565979
8951,3.8971570575085934e-06
8952,0.9996998310089111
8953,0.9999978542327881
8954,0.0004415142466314137
8955,0.0013151365565136075
8956,0.018949376419186592
8957,3.524441854096949e-05
8958,0.9999798536300659
8959,0.9987769722938538
8960,0.9998853206634521
8961,0.9999818801879883
8962,5.5062435421859846e-05
8963,0.006144620478153229
8964,0.999990701675415
8965,0.9995508790016174
8966,0.9954507946968079
8967,0.9990482926368713
8968,0.9075624346733093
8969,0.3389608860015869
8970,0.9999392032623291
8971,0.9812379479408264
8972,0.15506695210933685
8973,0.9823880791664124
8974,0.9999959468841553
8975,0.9999222755432129
8976,0.9998881816864014
8977,0.9999899864196777
8978,0.0002768329868558794
8979,2.4941173251136206e-06
8980,0.0006882446468807757
8981,0.013694185763597488
8982,0.9996649026870728
8983,0.9971184730529785
8984,0.0006667064735665917
8985,0.9999703168869019
8986,0.9579303860664368
8987,0.9556996822357178
8988,0.01612352766096592
8989,2.8978067803109298e-06
8990,0.9946598410606384
8991,0.9999538660049438
8992,0.9999302625656128
8993,0.9976730942726135
8994,0.0007208132301457226
8995,0.39470309019088745
8996,0.01118199061602354
8997,0.9993048906326294
8998,0.9832852482795715
8999,2.3109152607503347e-05
9000,0.9999853372573853
9001,0.9998281002044678
9002,8.831008017295972e-05
9003,0.9999634027481079
9004,0.98619544506073
9005,0.012680050916969776
9006,0.9999943971633911
9007,0.041672058403491974
9008,0.0010329718934372067
9009,0.9999823570251465
9010,0.000126396567793563
9011,0.9999690055847168
9012,0.03888877481222153
9013,0.9999485015869141
9014,0.05369061604142189
9015,0.0007170266471803188
9016,0.01937035843729973
9017,0.9999426603317261
9018,0.9999643564224243
9019,6.536128057632595e-05
9020,0.0006738593801856041
9021,0.9999991655349731
9022,0.9997370839118958
9023,0.9999841451644897
9024,0.0008223738404922187
9025,0.9974270462989807
9026,0.9999974966049194
9027,0.9978005290031433
9028,0.04177582636475563
9029,0.006591313984245062
9030,0.9998434782028198
9031,0.9998863935470581
9032,2.082811306536314e-06
9033,0.010872826911509037
9034,0.0009575749863870442
9035,0.03321215137839317
9036,0.9997739195823669
9037,0.00013172056060284376
9038,0.9991621971130371
9039,0.7027672529220581
9040,0.999904990196228
9041,6.78964497637935e-05
9042,1.7386075342074037e-05
9043,7.4988552114518825e-06
9044,0.9998661279678345
9045,0.9997047781944275
9046,1.3191461221140344e-06
9047,0.004542069975286722
9048,0.001167715759947896
9049,0.0025352463126182556
9050,4.728354178951122e-05
9051,0.998865008354187
9052,0.0025822054594755173
9053,0.005138150881975889
9054,0.9996494054794312
9055,0.9924323558807373
9056,0.00010170866153202951
9057,0.0002638838777784258
9058,0.030914785340428352
9059,0.9999618530273438
9060,0.0005052977940067649
9061,0.9998472929000854
9062,0.999901533126831
9063,0.999221682548523
9064,0.9989970326423645
9065,0.06040662154555321
9066,0.9997414946556091
9067,0.999993085861206
9068,0.012526281177997589
9069,0.9998519420623779
9070,6.227938138181344e-05
9071,0.19562077522277832
9072,0.9994331002235413
9073,0.9999873638153076
9074,0.023545732721686363
9075,0.9997203946113586
9076,0.9999617338180542
9077,0.04464815929532051
9078,7.50320396036841e-05
9079,0.020564360544085503
9080,0.9995457530021667
9081,0.004207461141049862
9082,0.9640951156616211
9083,0.99294513463974
9084,0.9999958276748657
9085,0.9999967813491821
9086,0.9996293783187866
9087,0.021356146782636642
9088,0.007838244549930096
9089,0.0001070082071237266
9090,0.0010432174894958735
9091,7.961225492181256e-05
9092,0.9880417585372925
9093,0.9987879395484924
9094,0.0009019433055073023
9095,0.9033078551292419
9096,0.00020627233607228845
9097,1.024865559884347e-05
9098,1.6749925634940155e-05
9099,0.999993085861206
9100,0.0030554858967661858
9101,0.9999946355819702
9102,0.9998724460601807
9103,0.0004815228166989982
9104,0.7453510761260986
9105,0.9999850988388062
9106,0.9931700229644775
9107,0.0006670680595561862
9108,0.9896221160888672
9109,0.17900705337524414
9110,0.00018090747471433133
9111,0.9999967813491821
9112,0.07306770235300064
9113,9.075245179701596e-05
9114,0.0013557379133999348
9115,0.9999886751174927
9116,0.42189764976501465
9117,0.9997691512107849
9118,0.004204736556857824
9119,0.9999990463256836
9120,0.0008988333866000175
9121,0.0007160808891057968
9122,0.006165634375065565
9123,0.0003537069133017212
9124,1.0477135219844058e-05
9125,4.79549214560393e-07
9126,0.9950817823410034
9127,8.794401219347492e-05
9128,0.9980029463768005
9129,0.9997695088386536
9130,3.735062273335643e-05
9131,0.0028320206329226494
9132,0.9999310970306396
9133,0.9999029636383057
9134,0.9996638298034668
9135,0.9999366998672485
9136,0.9999997615814209
9137,0.0001688368065515533
9138,0.9999945163726807
9139,0.9997678399085999
9140,0.9991194605827332
9141,0.00413444172590971
9142,0.02802567556500435
9143,0.9997760653495789
9144,0.9818896055221558
9145,0.00013349113578442484
9146,0.0001446580863557756
9147,2.1105140604049666e-06
9148,0.9989742040634155
9149,0.005454435478895903
9150,1.8626242592745257e-07
9151,0.9999938011169434
9152,0.13777825236320496
9153,0.9999785423278809
9154,3.130079494439997e-05
9155,0.9999271631240845
9156,0.00023575675731990486
9157,0.032335665076971054
9158,0.9999802112579346
9159,0.9676993489265442
9160,4.294187419873197e-06
9161,0.9990193843841553
9162,0.9861115217208862
9163,7.902416427896242e-07
9164,0.9998728036880493
9165,0.999991774559021
9166,0.0006205402314662933
9167,0.9991384744644165
9168,0.9996997117996216
9169,0.9972463846206665
9170,0.9998138546943665
9171,0.9999299049377441
9172,0.06271859258413315
9173,0.07520455121994019
9174,0.9999973773956299
9175,0.998828113079071
9176,0.001543843187391758
9177,0.999414324760437
9178,0.012665068730711937
9179,0.9990705847740173
9180,1.5044793144625146e-05
9181,0.9823289513587952
9182,0.04689312353730202
9183,0.006414051167666912
9184,0.9999535083770752
9185,0.999975323677063
9186,3.3217513646377483e-06
9187,0.9999345541000366
9188,0.9987300038337708
9189,0.9996274709701538
9190,0.9999978542327881
9191,0.9998874664306641
9192,0.0008661229512654245
9193,0.9999865293502808
9194,0.001829278189688921
9195,1.8389183651379426e-06
9196,0.0011080215917900205
9197,0.0003108717792201787
9198,0.014588556252419949
9199,0.9999992847442627
9200,0.999982476234436
9201,0.006594336591660976
9202,0.9998806715011597
9203,8.158212381204066e-07
9204,0.9999693632125854
9205,0.0008954681106843054
9206,0.9998188614845276
9207,0.9999793767929077
9208,0.33814164996147156
9209,0.001578513067215681
9210,1.9374805049210408e-07
9211,0.000719646573998034
9212,0.9992963075637817
9213,0.11806613206863403
9214,0.9992454051971436
9215,4.774981061927974e-05
9216,0.0010116681223735213
9217,0.9999994039535522
9218,0.9932093024253845
9219,1.4206149899109732e-05
9220,0.01570522040128708
9221,0.001106750569306314
9222,0.9999988079071045
9223,3.934851702069864e-05
9224,0.9999971389770508
9225,0.06998477876186371
9226,0.0002825208939611912
9227,0.9998241066932678
9228,0.08000712096691132
9229,0.002345308195799589
9230,0.9999945163726807
9231,0.9999966621398926
9232,0.0034067914821207523
9233,0.9999735355377197
9234,0.92119300365448
9235,0.03317714110016823
9236,0.00015705211262684315
9237,5.1261609769426286e-05
9238,0.9994125366210938
9239,0.003504752181470394
9240,0.00036671714042313397
9241,0.9999992847442627
9242,0.999231219291687
9243,0.0010274461237713695
9244,0.9991739392280579
9245,0.9982787370681763
9246,0.9999918937683105
9247,0.16655674576759338
9248,0.9999936819076538
9249,0.9999922513961792
9250,0.04215739294886589
9251,0.0006766471778973937
9252,5.1772440201602876e-05
9253,0.9999531507492065
9254,0.9997077584266663
9255,0.9999998807907104
9256,7.576497591799125e-05
9257,0.0857359990477562
9258,0.9649755954742432
9259,0.999345600605011
9260,0.9999773502349854
9261,0.9998891353607178
9262,5.137607877259143e-05
9263,0.999984860420227
9264,0.00589559692889452
9265,2.7447078537079506e-05
9266,0.9999948740005493
9267,1.7879241568152793e-05
9268,7.867764679758693e-07
9269,0.9999622106552124
9270,0.7077226042747498
9271,0.008023922331631184
9272,0.9995043277740479
9273,0.9999979734420776
9274,0.9975599050521851
9275,0.9999974966049194
9276,0.3310774266719818
9277,0.9999997615814209
9278,0.002523569157347083
9279,0.9999120235443115
9280,0.9983962178230286
9281,0.9999996423721313
9282,0.9999873638153076
9283,0.00030020507983863354
9284,0.976385235786438
9285,0.9999994039535522
9286,0.999923586845398
9287,0.9999971389770508
9288,5.694020728697069e-05
9289,0.9999856948852539
9290,0.9999523162841797
9291,0.9999951124191284
9292,0.0012833726359531283
9293,0.048594407737255096
9294,0.9999966621398926
9295,0.9999994039535522
9296,0.9998502731323242
9297,0.9999682903289795
9298,0.9983826875686646
9299,1.921924740599934e-05
9300,0.9868316650390625
9301,0.0211256742477417
9302,0.999881386756897
9303,0.18402767181396484
9304,0.9999690055847168
9305,0.0011328683467581868
9306,0.49667590856552124
9307,0.02017158828675747
9308,0.11194048821926117
9309,8.357752813026309e-05
9310,0.9999996423721313
9311,0.9635448455810547
9312,0.9999963045120239
9313,0.00014341992209665477
9314,0.001980622299015522
9315,0.9999449253082275
9316,0.9995954632759094
9317,1.5130903818771912e-07
9318,0.1506972759962082
9319,0.9990003705024719
9320,0.0010873698629438877
9321,0.9999114274978638
9322,0.9115128517150879
9323,0.9999847412109375
9324,0.0005467645241878927
9325,7.020277553237975e-05
9326,0.9999840259552002
9327,0.15826432406902313
9328,7.007642125245184e-05
9329,0.20097628235816956
9330,0.9997984766960144
9331,0.9994865655899048
9332,0.00014129233022686094
9333,0.9231955409049988
9334,0.9998383522033691
9335,0.9999830722808838
9336,0.9996373653411865
9337,0.00011795158206950873
9338,0.0003225198306608945
9339,0.0066390871070325375
9340,0.0005982586299069226
9341,0.9938961863517761
9342,0.9999667406082153
9343,0.9997510313987732
9344,0.9949992895126343
9345,0.9987818598747253
9346,0.9996720552444458
9347,0.9999760389328003
9348,0.14158926904201508
9349,0.0008594929240643978
9350,0.9995123147964478
9351,0.00019752318621613085
9352,2.525194395275321e-05
9353,0.001494394731707871
9354,0.9999432563781738
9355,0.003995667677372694
9356,0.9999880790710449
9357,0.9999921321868896
9358,0.999994158744812
9359,0.01033360231667757
9360,0.9999363422393799
9361,0.9350422620773315
9362,0.9882187843322754
9363,0.013239974156022072
9364,0.9939140677452087
9365,0.9994174242019653
9366,0.9997833371162415
9367,0.9316530823707581
9368,0.013163670897483826
9369,0.9997474551200867
9370,7.079493570927298e-06
9371,2.481843694113195e-05
9372,0.9999899864196777
9373,0.03674330189824104
9374,9.360735566588119e-05
9375,0.9999202489852905
9376,1.204801992571447e-05
9377,0.9998766183853149
9378,0.9997583031654358
9379,4.8985471948981285e-05
9380,0.999996542930603
9381,0.9999904632568359
9382,0.0009999779285863042
9383,0.05533011257648468
9384,0.00039261867641471326
9385,7.934788300190121e-05
9386,0.8162865042686462
9387,0.0013373632682487369
9388,0.9999260902404785
9389,0.033095136284828186
9390,0.00017215903790201992
9391,8.699614409124479e-05
9392,1.5642488506273367e-05
9393,0.9915791749954224
9394,0.995414137840271
9395,0.10837303847074509
9396,0.9999451637268066
9397,0.9998718500137329
9398,0.9996126294136047
9399,8.026655450521503e-06
9400,3.8361093174899e-05
9401,0.9971959590911865
9402,0.9870935082435608
9403,0.00020848056010436267
9404,0.0003258142387494445
9405,0.0004172035551164299
9406,0.00016287037578877062
9407,0.9999346733093262
9408,0.00012608058750629425
9409,0.9999988079071045
9410,0.9999973773956299
9411,0.0013590551679953933
9412,0.007594637107104063
9413,0.9999581575393677
9414,0.9999994039535522
9415,0.9821473360061646
9416,0.9996587038040161
9417,0.9999520778656006
9418,0.05956869572401047
9419,0.999535322189331
9420,0.999879002571106
9421,0.9950805902481079
9422,0.003682220820337534
9423,0.00012447898916434497
9424,0.9999839067459106
9425,0.011752727441489697
9426,0.9964587092399597
9427,0.9999772310256958
9428,0.9999586343765259
9429,0.022048629820346832
9430,0.9998902082443237
9431,0.9999994039535522
9432,0.06780015677213669
9433,0.999929666519165
9434,8.760118362260982e-05
9435,0.9999829530715942
9436,0.9998924732208252
9437,0.9999959468841553
9438,0.022238606587052345
9439,2.1162088160053827e-05
9440,0.0034156977199018
9441,0.9999680519104004
9442,0.03438957408070564
9443,0.9999850988388062
9444,0.0009159157634712756
9445,0.998903751373291
9446,0.0005075310473330319
9447,7.834788993932307e-05
9448,0.9990512728691101
9449,0.9999911785125732
9450,0.0009141679620370269
9451,0.00045685344957746565
9452,1.3624743587570265e-05
9453,0.9999679327011108
9454,0.02893141098320484
9455,0.0031811874359846115
9456,0.9999982118606567
9457,0.004914785735309124
9458,0.9999781847000122
9459,0.12674401700496674
9460,0.9962835907936096
9461,0.003253423608839512
9462,0.0038259190041571856
9463,0.00015492207603529096
9464,4.684540908783674e-05
9465,0.9999305009841919
9466,0.001506631262600422
9467,0.043457578867673874
9468,9.603142098058015e-05
9469,0.0004670354537665844
9470,0.9999985694885254
9471,0.0018992499681189656
9472,0.9999812841415405
9473,0.9997641444206238
9474,0.02153848484158516
9475,0.009829693473875523
9476,0.978542685508728
9477,0.9997720122337341
9478,0.9997730851173401
9479,0.9999356269836426
9480,1.0
9481,0.992128849029541
9482,0.0006954087293706834
9483,0.001434012083336711
9484,8.101868297671899e-05
9485,0.00011123927106382325
9486,9.157203021459281e-05
9487,0.0006623254739679396
9488,0.9999600648880005
9489,0.9999538660049438
9490,0.9991160035133362
9491,8.137905388139188e-05
9492,0.35521581768989563
9493,0.9999982118606567
9494,0.001907844445668161
9495,0.9994219541549683
9496,0.0004000230401288718
9497,0.9999678134918213
9498,0.8542360067367554
9499,0.00905376672744751
9500,0.9998961687088013
9501,0.9998013377189636
9502,2.545235929574119e-06
9503,0.010661439970135689
9504,0.9999551773071289
9505,0.9996844530105591
9506,9.191085700877011e-05
9507,1.8422164430376142e-05
9508,0.006716203410178423
9509,0.990016758441925
9510,0.9999980926513672
9511,1.4550802006851882e-05
9512,0.009962215088307858
9513,0.9422281384468079
9514,7.06357677699998e-05
9515,0.9999982118606567
9516,0.9998838901519775
9517,5.626140136882896e-06
9518,0.0024118104483932257
9519,0.11652079969644547
9520,0.9926804900169373
9521,0.9999420642852783
9522,0.00040758654358796775
9523,6.778559964004671e-06
9524,0.730804979801178
9525,0.0095051946118474
9526,0.9999434947967529
9527,0.03474833071231842
9528,0.0017078348901122808
9529,0.0013461628695949912
9530,0.9995021820068359
9531,0.9997883439064026
9532,0.004947904031723738
9533,0.9997089505195618
9534,0.9999898672103882
9535,0.9999938011169434
9536,0.013110779225826263
9537,0.9999796152114868
9538,0.00020042007963638753
9539,0.9998663663864136
9540,3.71253008779604e-05
9541,6.761107215425e-05
9542,0.0003449216019362211
9543,0.006042527966201305
9544,0.9930450320243835
9545,0.0002671415568329394
9546,0.9999947547912598
9547,0.9999880790710449
9548,0.9999775886535645
9549,0.9998643398284912
9550,0.9999803304672241
9551,0.9922019243240356
9552,0.9999585151672363
9553,0.006701724138110876
9554,0.9999186992645264
9555,0.002329363254830241
9556,0.37115678191185
9557,0.8210067749023438
9558,0.9886718988418579
9559,0.9996292591094971
9560,0.9999525547027588
9561,6.207630576682277e-06
9562,0.0006242477102205157
9563,0.9967122077941895
9564,0.0007886388921178877
9565,0.9999847412109375
9566,0.9574419856071472
9567,0.9999997615814209
9568,0.8158385753631592
9569,0.08707988262176514
9570,0.0001183903805213049
9571,0.000885619199834764
9572,0.9998985528945923
9573,0.99642014503479
9574,0.10815640538930893
9575,0.003200231119990349
9576,0.9991901516914368
9577,0.9999856948852539
9578,0.0027148949448019266
9579,0.014237984083592892
9580,0.0001910551218315959
9581,0.0006949949893169105
9582,0.0001251685171155259
9583,0.9999755620956421
9584,0.9999294281005859
9585,0.00012373602658044547
9586,0.003813820192590356
9587,0.002123455051332712
9588,0.06688346713781357
9589,0.7920023202896118
9590,0.0035268503706902266
9591,0.0003321011026855558
9592,0.0007195812650024891
9593,4.4927910494152457e-05
9594,0.9994663596153259
9595,0.0001845903170760721
9596,0.2022542655467987
9597,0.027406034991145134
9598,0.9846618175506592
9599,0.9999905824661255
9600,0.5847576260566711
9601,5.4149917559698224e-05
9602,0.9996805191040039
9603,0.02951297163963318
9604,0.9925903081893921
9605,0.8434170484542847
9606,0.9999992847442627
9607,0.9999860525131226
9608,0.9995914101600647
9609,0.0006112208939157426
9610,0.01711307093501091
9611,0.7252755761146545
9612,0.9558219909667969
9613,0.9951596856117249
9614,0.13606876134872437
9615,0.9749685525894165
9616,0.9985431432723999
9617,0.000521426263730973
9618,0.9994100332260132
9619,0.9999620914459229
9620,0.002990766428411007
9621,0.0008633461548015475
9622,0.32496145367622375
9623,0.00045956828398630023
9624,0.9999994039535522
9625,0.9871026873588562
9626,0.08956597745418549
9627,4.685581734520383e-05
9628,1.3091901564621367e-05
9629,0.0010913079604506493
9630,0.9990202188491821
9631,0.7029352188110352
9632,4.8484336730325595e-05
9633,0.0013139141956344247
9634,0.9907461404800415
9635,0.00041085362317971885
9636,4.8705383960623294e-05
9637,0.9990984201431274
9638,0.0022106312680989504
9639,0.9979700446128845
9640,1.2926750059705228e-05
9641,0.9973598122596741
9642,6.225985271157697e-05
9643,0.9999591112136841
9644,0.022475458681583405
9645,0.9918698072433472
9646,0.9999867677688599
9647,0.9995902180671692
9648,0.010873093269765377
9649,0.9998853206634521
9650,0.014793925918638706
9651,0.9999995231628418
9652,0.9991416931152344
9653,0.00017843014211393893
9654,0.9113777875900269
9655,0.9999988079071045
9656,0.07825332134962082
9657,0.9999955892562866
9658,0.0005509749171324074
9659,0.9999507665634155
9660,0.9999997615814209
9661,0.9999178647994995
9662,0.0018541559111326933
9663,0.9988871216773987
9664,0.9837719798088074
9665,8.267968041764107e-06
9666,0.0005370597937144339
9667,0.9999699592590332
9668,0.5868736505508423
9669,0.9999991655349731
9670,0.0001293634995818138
9671,0.9998936653137207
9672,0.00020849965221714228
9673,0.21657609939575195
9674,0.9999839067459106
9675,0.999933123588562
9676,0.00010344226029701531
9677,0.9999902248382568
9678,0.9993696808815002
9679,0.9998373985290527
9680,0.9999250173568726
9681,0.9999147653579712
9682,9.794218931347132e-05
9683,0.00011795158206950873
9684,0.9999933242797852
9685,3.151161581627093e-05
9686,0.9994176626205444
9687,0.9999983310699463
9688,0.003017233684659004
9689,0.2134898602962494
9690,0.9999560117721558
9691,0.4669297933578491
9692,0.00033823002013377845
9693,0.00013490808487404138
9694,0.9743212461471558
9695,0.9999986886978149
9696,0.9931265115737915
9697,0.00644027441740036
9698,0.999358594417572
9699,0.9987447261810303
9700,0.02036227472126484
9701,0.9777007699012756
9702,0.9999585151672363
9703,0.9995707869529724
9704,2.2545289084519027e-06
9705,0.5897371172904968
9706,0.6168631315231323
9707,0.9999988079071045
9708,0.9999876022338867
9709,0.014478071592748165
9710,5.6721373766777106e-06
9711,1.589791281730868e-05
9712,0.0003863894089590758
9713,0.9984121322631836
9714,0.9978305697441101
9715,0.08508625626564026
9716,0.028509490191936493
9717,1.3782320820610039e-05
9718,3.6675478440884035e-06
9719,0.0002709680120460689
9720,0.0019660755060613155
9721,2.887401478801621e-06
9722,0.0025025131180882454
9723,0.9999737739562988
9724,0.08877893537282944
9725,0.000543232774361968
9726,2.969944034703076e-05
9727,0.9993236064910889
9728,2.8387080419634003e-06
9729,0.0003921632596757263
9730,0.09335494786500931
9731,0.9996458292007446
9732,3.055708293686621e-05
9733,0.024563340470194817
9734,3.34084834321402e-05
9735,4.967303539160639e-06
9736,0.03480283170938492
9737,0.03124096244573593
9738,0.9988168478012085
9739,0.012256610207259655
9740,0.9485737681388855
9741,4.764319601235911e-05
9742,0.9991872906684875
9743,0.9802222847938538
9744,0.00022045474906917661
9745,5.669395250151865e-05
9746,0.002131215762346983
9747,0.9999948740005493
9748,0.9999796152114868
9749,0.9999992847442627
9750,0.0005522752180695534
9751,0.9999476671218872
9752,0.0016729874769225717
9753,0.00032251092488877475
9754,9.56743024289608e-05
9755,8.001364767551422e-05
9756,0.999916672706604
9757,0.06902991235256195
9758,0.9999974966049194
9759,3.742862872968544e-07
9760,2.8758769985870458e-05
9761,0.004005224443972111
9762,5.173443423700519e-05
9763,2.1167841623537242e-05
9764,0.9999068975448608
9765,0.9999775886535645
9766,0.9864968657493591
9767,0.07143165171146393
9768,0.9985045194625854
9769,0.9998656511306763
9770,0.972388744354248
9771,0.824438750743866
9772,0.9999970197677612
9773,0.0027377831283956766
9774,0.9998946189880371
9775,0.9999663829803467
9776,0.998455286026001
9777,0.9999988079071045
9778,0.9999971389770508
9779,0.9999957084655762
9780,2.189306997024687e-06
9781,0.19642195105552673
9782,1.0170647328777704e-05
9783,0.9755638241767883
9784,0.9996949434280396
9785,0.996376097202301
9786,0.8876475691795349
9787,0.0001432036078767851
9788,0.9989295601844788
9789,0.9998019337654114
9790,0.0012483162572607398
9791,0.09829656034708023
9792,1.1881737009389326e-05
9793,1.0885520168812945e-05
9794,6.89123771735467e-06
9795,4.617801096173935e-06
9796,0.0011930729961022735
9797,0.9993690848350525
9798,0.9999147653579712
9799,0.9999911785125732
9800,0.0002609535586088896
9801,2.561732117101201e-06
9802,0.004411493428051472
9803,5.433153660305834e-07
9804,0.00026953849010169506
9805,2.325690547877457e-05
9806,0.9999921321868896
9807,0.9996615648269653
9808,0.9999890327453613
9809,0.999841570854187
9810,0.0002737086033448577
9811,0.003445398062467575
9812,3.1099778425414115e-05
9813,5.862244051968446e-06
9814,0.03642222285270691
9815,0.9999902248382568
9816,0.9997455477714539
9817,0.9937659502029419
9818,0.999670147895813
9819,0.29521968960762024
9820,3.3764883937692503e-06
9821,0.9965590834617615
9822,0.7638758420944214
9823,0.999995231628418
9824,0.0009012423688545823
9825,0.012786757200956345
9826,0.22914572060108185
9827,0.00017967046005651355
9828,0.9998025298118591
9829,0.0005341722862794995
9830,0.9998455047607422
9831,0.00010176307114306837
9832,0.9999847412109375
9833,0.9999390840530396
9834,0.000229733093874529
9835,0.9999963045120239
9836,0.999624490737915
9837,0.9987155199050903
9838,4.823208291782066e-05
9839,0.9991926550865173
9840,0.9999828338623047
9841,0.995736837387085
9842,0.4047333002090454
9843,0.9999921321868896
9844,0.9991266131401062
9845,0.03271620348095894
9846,0.00014061333786230534
9847,0.9998138546943665
9848,1.2733551557175815e-05
9849,0.9999967813491821
9850,0.9990259408950806
9851,0.9999487400054932
9852,0.9914281964302063
9853,0.02768956683576107
9854,0.04474792256951332
9855,0.0008280199253931642
9856,0.00046752631897106767
9857,1.679779302321549e-06
9858,0.9998300075531006
9859,0.9983173608779907
9860,5.528931797016412e-05
9861,0.9999092817306519
9862,0.0001101898742490448
9863,0.0003323915880173445
9864,0.0014819595962762833
9865,0.02012431062757969
9866,0.9978466033935547
9867,0.9999706745147705
9868,0.1575874537229538
9869,0.9999992847442627
9870,0.0001426923117833212
9871,0.9971024394035339
9872,0.0006250794394873083
9873,0.9994930028915405
9874,1.7602793377591297e-05
9875,0.0019288980402052402
9876,3.2463233310409123e-06
9877,0.00032379900221712887
9878,2.8355256290524267e-05
9879,0.002074282383546233
9880,0.9999933242797852
9881,9.432544175069779e-05
9882,0.9999489784240723
9883,0.006907379720360041
9884,0.00015587679808959365
9885,0.8814072012901306
9886,0.9999955892562866
9887,0.9999953508377075
9888,0.04395350441336632
9889,0.9999991655349731
9890,0.8409407138824463
9891,0.9298380017280579
9892,1.6857198716024868e-05
9893,7.122746410459513e-06
9894,0.004061325453221798
9895,0.998015284538269
9896,0.9999904632568359
9897,0.0007086918340064585
9898,3.688853030325845e-05
9899,6.613357527385233e-06
9900,0.0001283280289499089
9901,9.569819667376578e-06
9902,4.7814242861932144e-05
9903,0.9999969005584717
9904,0.00047134957276284695
9905,0.007752866018563509
9906,0.0008422943064942956
9907,0.001498180441558361
9908,0.006282801274210215
9909,0.048090580850839615
9910,0.9997256398200989
9911,0.9999407529830933
9912,0.9996378421783447
9913,0.08712030202150345
9914,0.5912426114082336
9915,4.774409489982645e-07
9916,0.999972939491272
9917,0.9997608065605164
9918,0.9630746841430664
9919,0.9998922348022461
9920,0.9999860525131226
9921,0.9999650716781616
9922,0.008597007021307945
9923,1.1526170737852226e-06
9924,0.00020202579617034644
9925,0.9999910593032837
9926,0.9999914169311523
9927,1.999378036998678e-05
9928,2.4745173504925333e-05
9929,0.0002561824512667954
9930,7.162656402215362e-05
9931,0.9990667700767517
9932,0.9999622106552124
9933,0.9999997615814209
9934,0.999998927116394
9935,0.9995588660240173
9936,4.0359886043006554e-05
9937,0.9999616146087646
9938,0.9999966621398926
9939,0.9483159184455872
9940,0.9999923706054688
9941,0.999915599822998
9942,6.043645407771692e-05
9943,0.9955835938453674
9944,0.9993917942047119
9945,0.143707275390625
9946,0.9953065514564514
9947,0.9999792575836182
9948,5.8089502999791875e-05
9949,0.23263919353485107
9950,7.286721029231558e-06
9951,5.07848426423152e-06
9952,0.043157972395420074
9953,0.010279332287609577
9954,0.9999995231628418
9955,0.9999974966049194
9956,0.0006801540148444474
9957,0.8023049235343933
9958,0.0011904961429536343
9959,0.9999804496765137
9960,0.9993656277656555
9961,0.001055220142006874
9962,0.9996681213378906
9963,0.001288336468860507
9964,5.923713615629822e-06
9965,0.9992702603340149
9966,4.6678622311446816e-05
9967,0.9999909400939941
9968,0.9999569654464722
9969,0.9999984502792358
9970,0.9969700574874878
9971,0.0005238488083705306
9972,0.00025630241725593805
9973,0.9963915944099426
9974,0.0003457095008343458
9975,0.017812764272093773
9976,0.9946684241294861
9977,0.012824074365198612
9978,0.14609739184379578
9979,0.01528450008481741
9980,2.3675529519096017e-05
9981,0.0004553374310489744
9982,0.9999865293502808
9983,0.034322746098041534
9984,0.9987188577651978
9985,0.999337375164032
9986,0.9998317956924438
9987,0.9996762275695801
9988,0.9999822378158569
9989,0.9991996884346008
9990,0.367928147315979
9991,0.9999144077301025
9992,0.9822023510932922
9993,0.00028488520183600485
9994,0.001812594011425972
9995,0.02600874938070774
9996,0.9663559198379517
9997,0.999626874923706
9998,9.22303443076089e-05
9999,0.33923375606536865
10000,0.9999828338623047
10001,4.789739250554703e-05
10002,0.004718246404081583
10003,0.9995042085647583
10004,0.9878106117248535
10005,0.00017853394092526287
10006,3.021656084456481e-06
10007,1.0131420822290238e-05
10008,5.771997166448273e-06
10009,0.010988093912601471
10010,0.9994284510612488
10011,0.9995977282524109
10012,6.561770715052262e-05
10013,0.025918876752257347
10014,0.0059690107591450214
10015,0.9994837045669556
10016,0.06499652564525604
10017,0.0005306109669618309
10018,4.407484448165633e-05
10019,5.317599789123051e-05
10020,0.00010388610098743811
10021,0.00010677153477445245
10022,0.9963730573654175
10023,0.9999915361404419
10024,0.9998379945755005
10025,0.9977274537086487
10026,0.9999773502349854
10027,0.9999438524246216
10028,0.0032230112701654434
10029,0.9998311996459961
10030,0.9999923706054688
10031,3.778465179493651e-05
10032,0.06755191832780838
10033,0.19784589111804962
10034,0.9988428354263306
10035,0.9996365308761597
10036,0.9999994039535522
10037,0.33998292684555054
10038,0.9976275563240051
10039,0.9999891519546509
10040,7.306594397959998e-06
10041,0.9999836683273315
10042,0.715605616569519
10043,0.9999966621398926
10044,4.050254210596904e-05
10045,0.9377889037132263
10046,0.33584970235824585
10047,0.999987006187439
10048,0.9998577833175659
10049,0.0006219358765520155
10050,0.049748364835977554
10051,0.03065601922571659
10052,7.122191891539842e-05
10053,0.9912723898887634
10054,7.76650122134015e-05
10055,8.542759314877912e-05
10056,0.9999762773513794
10057,0.4229555130004883
10058,0.9982106685638428
10059,0.9877155423164368
10060,0.9999842643737793
10061,0.10123360902070999
10062,0.0003633811429608613
10063,0.9892605543136597
10064,0.9858456254005432
10065,0.00043013287358917296
10066,0.0057220966555178165
10067,7.231414656416746e-06
10068,0.002154603134840727
10069,2.1433172150864266e-05
10070,0.9978100657463074
10071,0.00023698930453974754
10072,0.0032831765711307526
10073,0.9967666864395142
10074,5.4149641073308885e-06
10075,0.0003388256300240755
10076,0.0008884277194738388
10077,0.0020630527287721634
10078,0.9998822212219238
10079,1.3513060821424006e-06
10080,0.9999728202819824
10081,0.2669111490249634
10082,0.0005844368133693933
10083,3.204256063327193e-05
10084,0.9999996423721313
10085,0.9999990463256836
10086,0.9999963045120239
10087,0.9999827146530151
10088,0.00023422625963576138
10089,0.060853295028209686
10090,0.11570405960083008
10091,0.0003418020496610552
10092,0.9865053296089172
10093,0.13879883289337158
10094,0.9999749660491943
10095,0.003066245000809431
10096,0.998174786567688
10097,0.9999699592590332
10098,0.9999750852584839
10099,0.0003978449967689812
10100,0.9999159574508667
10101,0.9999986886978149
10102,0.004685886669903994
10103,0.00010956812184303999
10104,0.9999771118164062
10105,0.9964098334312439
10106,0.0006548925884999335
10107,0.00046003088937141
10108,0.9994213581085205
10109,1.3445931017486146e-06
10110,0.9998759031295776
10111,0.0004951626760885119
10112,0.000237494838074781
10113,0.9999977350234985
10114,0.0031075323931872845
10115,0.00010106698755407706
10116,0.9999995231628418
10117,0.013076852075755596
10118,0.009084032848477364
10119,0.9970647692680359
10120,7.024723890936002e-05
10121,0.0003338470996823162
10122,0.006182726938277483
10123,0.10497058182954788
10124,0.9999476671218872
10125,0.014704152941703796
10126,0.004578443709760904
10127,0.999862790107727
10128,0.0880083367228508
10129,0.9998087286949158
10130,0.19310855865478516
10131,0.9996403455734253
10132,0.004205595701932907
10133,0.0012793854111805558
10134,0.9956436157226562
10135,0.9999639987945557
10136,0.9999336004257202
10137,2.8375732654239982e-05
10138,0.9999513626098633
10139,0.9994244575500488
10140,0.9999561309814453
10141,0.9999704360961914
10142,0.9997072815895081
10143,0.9994961023330688
10144,0.9996473789215088
10145,0.0009547644876874983
10146,0.9999983310699463
10147,0.9999853372573853
10148,0.9860921502113342
10149,4.904309207631741e-06
10150,0.08763404190540314
10151,0.0022529466077685356
10152,1.5278941646101885e-05
10153,0.9984585046768188
10154,0.001866892329417169
10155,0.9999924898147583
10156,0.00022026250371709466
10157,0.05187523365020752
10158,4.2998461140086874e-05
10159,0.9964706897735596
10160,0.0009746537543833256
10161,0.0033419011160731316
10162,0.9999189376831055
10163,0.9999998807907104
10164,0.9989909529685974
10165,0.998315691947937
10166,0.9999545812606812
10167,0.999854326248169
10168,0.9996187686920166
10169,0.9999984502792358
10170,0.0007353833061642945
10171,2.492208068360924e-06
10172,0.9998694658279419
10173,0.0004592286713887006
10174,0.06977729499340057
10175,5.2185790991643444e-05
10176,0.9999951124191284
10177,0.9999878406524658
10178,0.014024038799107075
10179,0.9999843835830688
10180,0.0007317055715247989
10181,0.9986972212791443
10182,0.12610530853271484
10183,0.18313300609588623
10184,0.00019838687148876488
10185,0.9948284029960632
10186,0.9996892213821411
10187,0.9999946355819702
10188,0.12134578078985214
10189,0.999988317489624
10190,0.9997501969337463
10191,2.2780241124564782e-05
10192,0.9958686828613281
10193,0.00019431170949246734
10194,0.00027203731588087976
10195,0.9999991655349731
10196,0.9893479347229004
10197,0.9999915361404419
10198,0.00020502351981122047
10199,3.6443489079829305e-05
10200,4.093473035027273e-05
10201,0.0010196422226727009
10202,0.9997609257698059
10203,0.9999998807907104
10204,2.051146475423593e-05
10205,0.010561147704720497
10206,0.00021423389262054116
10207,0.9999939203262329
10208,0.999984860420227
10209,0.9999581575393677
10210,3.800490594585426e-05
10211,1.1845963854284491e-05
10212,5.542054168472532e-06
10213,0.34245648980140686
10214,0.9999988079071045
10215,4.330509455030551e-06
10216,0.9213854074478149
10217,0.9856487512588501
10218,2.3423848460879526e-07
10219,0.10912611335515976
10220,0.9999951124191284
10221,0.9977745413780212
10222,0.9140148758888245
10223,0.0004899713676422834
10224,0.0383983850479126
10225,0.006691111251711845
10226,0.003156308550387621
10227,4.330243973527104e-05
10228,0.004901255015283823
10229,0.0015844498993828893
10230,0.08719974756240845
10231,0.9996252059936523
10232,0.9999675750732422
10233,0.9969578981399536
10234,0.00016624662384856492
10235,0.00015874908422119915
10236,0.00014858889335300773
10237,8.676212928548921e-06
10238,0.9996880292892456
10239,0.007934397086501122
10240,5.7225588534493e-06
10241,0.9970479607582092
10242,0.9999922513961792
10243,0.9553481340408325
10244,0.9999854564666748
10245,0.9998332262039185
10246,0.9623799324035645
10247,0.9999746084213257
10248,0.08019351959228516
10249,0.9961036443710327
10250,0.0005139030981808901
10251,0.9999961853027344
10252,0.00028827477945014834
10253,0.999882698059082
10254,0.9999943971633911
10255,0.9990478157997131
10256,0.9996179342269897
10257,0.0006017366540618241
10258,0.9997658133506775
10259,0.9986075758934021
10260,0.04301699250936508
10261,0.9999749660491943
10262,0.9993405938148499
10263,0.9999991655349731
10264,5.435013008536771e-05
10265,0.00128544878680259
10266,1.4826903225184651e-06
10267,6.003069574944675e-05
10268,0.9999575614929199
10269,0.9722980260848999
10270,0.00015859976701904088
10271,0.9999874830245972
10272,0.0314905010163784
10273,0.008039668202400208
10274,5.404138209996745e-05
10275,0.9999688863754272
10276,0.3857772648334503
10277,0.6564052104949951
10278,0.48013561964035034
10279,0.9999047517776489
10280,0.9996778964996338
10281,0.9993728995323181
10282,0.3325720429420471
10283,0.9999426603317261
10284,0.9999996423721313
10285,0.999657154083252
10286,2.2641299892711686e-06
10287,0.0002573607780504972
10288,5.27459014847409e-05
10289,0.00018252823792863637
10290,0.999995231628418
10291,0.9986573457717896
10292,2.2721746063325554e-05
10293,0.9999703168869019
10294,4.763206379720941e-05
10295,2.1520627342397347e-05
10296,0.0007295895484276116
10297,0.9999996423721313
10298,0.9992857575416565
10299,0.06483034044504166
10300,0.9999840259552002
10301,4.073142190463841e-05
10302,0.9847959280014038
10303,0.004390299320220947
10304,0.9999775886535645
10305,0.9996275901794434
10306,0.9998847246170044
10307,0.9829815030097961
10308,8.799102943157777e-06
10309,1.9463939679553732e-05
10310,0.6152899861335754
10311,2.413939182588365e-05
10312,1.1576886208786163e-05
10313,0.9999692440032959
10314,5.617928763967939e-05
10315,0.9999970197677612
10316,0.9962027668952942
10317,0.9999836683273315
10318,0.0007839989266358316
10319,0.7352316379547119
10320,0.9999532699584961
10321,0.9999849796295166
10322,0.9999974966049194
10323,0.9788848161697388
10324,0.999068558216095
10325,0.018876520916819572
10326,0.9999432563781738
10327,0.9822023510932922
10328,0.004778722766786814
10329,0.999914288520813
10330,1.9172384781995788e-05
10331,1.5155936125665903e-05
10332,0.9999818801879883
10333,0.0017290874384343624
10334,3.491843744996004e-05
10335,0.9999932050704956
10336,0.0006236608605831861
10337,0.06031060963869095
10338,0.0027923432644456625
10339,0.9998635053634644
10340,4.941557563142851e-05
10341,0.00022864942729938775
10342,0.9999983310699463
10343,0.00022153821191750467
10344,0.5334914326667786
10345,0.9997087121009827
10346,0.0005650801467709243
10347,0.13578304648399353
10348,0.991987943649292
10349,0.9994342923164368
10350,0.9997405409812927
10351,1.1968806575168855e-05
10352,0.9978042244911194
10353,5.185584814171307e-05
10354,0.967122495174408
10355,0.9998869895935059
10356,9.666223195381463e-05
10357,0.9997201561927795
10358,4.83970288769342e-05
10359,0.9995998740196228
10360,0.01230679638683796
10361,0.0021625638473778963
10362,0.00019478621834423393
10363,5.22682557857479e-06
10364,0.9999998807907104
10365,0.004266676027327776
10366,0.999998927116394
10367,0.9152660965919495
10368,0.999996542930603
10369,0.002498331479728222
10370,0.996892511844635
10371,0.002542592119425535
10372,0.9983845949172974
10373,0.0002103847946273163
10374,0.999700665473938
10375,0.4822205901145935
10376,8.803969535620126e-07
10377,0.012416113168001175
10378,2.8711361665045843e-05
10379,0.9999427795410156
10380,0.9990962743759155
10381,0.001196207944303751
10382,0.00575460446998477
10383,0.008323985151946545
10384,0.9918097853660583
10385,0.9999995231628418
10386,0.0014282939955592155
10387,0.9998459815979004
10388,5.2441362640820444e-05
10389,0.002832451369613409
10390,0.9999922513961792
10391,0.06969111412763596
10392,0.0015479606809094548
10393,1.2913688806293067e-05
10394,5.612271706922911e-06
10395,0.9999618530273438
10396,0.9999256134033203
10397,1.9253143364039715e-06
10398,0.004958281759172678
10399,0.9999544620513916
10400,0.999991774559021
10401,0.1337870955467224
10402,0.00037539974437095225
10403,0.9999984502792358
10404,0.00076310831354931
10405,3.0283520118246088e-06
10406,0.9982965588569641
10407,3.9289633946282265e-07
10408,0.24673379957675934
10409,0.997512936592102
10410,7.399052992695943e-05
10411,0.2112821787595749
10412,1.730937947286293e-05
10413,0.00019728450570255518
10414,0.9756268262863159
10415,0.9981849789619446
10416,5.394354593590833e-05
10417,0.034386035054922104
10418,5.2082428737776354e-05
10419,0.9995319843292236
10420,0.9953538179397583
10421,0.9979619979858398
10422,0.2576417326927185
10423,4.330509455030551e-06
10424,0.0014716492732986808
10425,0.9999164342880249
10426,0.00037567754043266177
10427,0.9999985694885254
10428,0.8523396253585815
10429,0.9996153116226196
10430,0.09016048163175583
10431,0.0009483903995715082
10432,0.9983590245246887
10433,0.9738744497299194
10434,0.9998666048049927
10435,9.629119449527934e-05
10436,0.999231219291687
10437,1.593318665982224e-05
10438,0.9999997615814209
10439,0.2847915291786194
10440,0.0005312188877724111
10441,3.251022644690238e-05
10442,0.9999799728393555
10443,0.9994400143623352
10444,0.9974526762962341
10445,0.999984860420227
10446,0.9999879598617554
10447,0.9999988079071045
10448,0.9999945163726807
10449,0.9999375343322754
10450,6.402238795999438e-05
10451,1.5204664123302791e-05
10452,0.05155797675251961
10453,0.9992796778678894
10454,0.0001617177767911926
10455,0.001630511600524187
10456,0.8732025623321533
10457,5.969263384031365e-06
10458,0.9999994039535522
10459,0.00011413739412091672
10460,0.02913769893348217
10461,0.00029973749769851565
10462,0.9999109506607056
10463,0.0005156838451512158
10464,0.9999948740005493
10465,0.9999021291732788
10466,0.9999316930770874
10467,0.00021523077157326043
10468,9.768903692020103e-05
10469,0.0017526026349514723
10470,0.00019334735407028347
10471,1.690738099568989e-05
10472,3.119661414530128e-05
10473,0.9999626874923706
10474,0.9992935657501221
10475,2.0475781070672383e-07
10476,0.9999821186065674
10477,0.00012807715393137187
10478,0.9999966621398926
10479,0.9995922446250916
10480,0.0014304848155006766
10481,0.0003765739675145596
10482,0.00039746350375935435
10483,0.00017897829820867628
10484,0.9929935336112976
10485,0.960759699344635
10486,0.00014706318324897438
10487,0.9988836646080017
10488,0.9978011250495911
10489,1.7161743016913533e-05
10490,0.9999202489852905
10491,8.147551852744073e-06
10492,0.9999569654464722
10493,0.0026835775934159756
10494,0.9999958276748657
10495,5.804210013593547e-05
10496,0.9999939203262329
10497,0.9985876083374023
10498,5.509424227057025e-06
10499,0.9999943971633911
10500,0.9999949932098389
10501,0.99997878074646
10502,0.9999923706054688
10503,7.591598114231601e-05
10504,0.9996777772903442
10505,0.9995610117912292
10506,3.871637545671547e-06
10507,0.40701770782470703
10508,9.003382729133591e-05
10509,0.9950940608978271
10510,0.009051889181137085
10511,0.00031036633299663663
10512,0.18117842078208923
10513,0.001053551328368485
10514,0.9786267876625061
10515,0.002923709573224187
10516,0.9999943971633911
10517,0.9998700618743896
10518,0.9999260902404785
10519,0.00012035685358569026
10520,0.9999819993972778
10521,0.003149884520098567
10522,0.8976348638534546
10523,0.9994018077850342
10524,0.9895164370536804
10525,0.9987892508506775
10526,0.906897246837616
10527,0.025919105857610703
10528,0.0003339463728480041
10529,4.2172141547780484e-05
10530,4.3055049900431186e-05
10531,0.9999866485595703
10532,3.5764951462624595e-05
10533,4.754352630698122e-05
10534,0.9999324083328247
10535,0.016034932807087898
10536,0.00418460788205266
10537,0.9186943173408508
10538,0.1418156772851944
10539,0.0003133008722215891
10540,0.9999417066574097
10541,0.9999978542327881
10542,0.943030834197998
10543,0.002278755884617567
10544,9.998522727983072e-05
10545,0.00025279022520408034
10546,5.254050279290823e-07
10547,0.6802337765693665
10548,0.9999735355377197
10549,5.736319872085005e-05
10550,0.999940037727356
10551,0.999161958694458
10552,0.0002717332972679287
10553,5.008373591408599e-06
10554,0.9988051652908325
10555,1.8710428776103072e-05
10556,0.999976396560669
10557,0.004655530210584402
10558,0.9999873638153076
10559,0.9998623132705688
10560,0.0015553493285551667
10561,0.9983060359954834
10562,0.9999972581863403
10563,0.999421238899231
10564,0.9999992847442627
10565,0.995326042175293
10566,0.999994158744812
10567,0.9993399977684021
10568,0.9327680468559265
10569,0.9984982013702393
10570,0.9611678719520569
10571,0.9999707937240601
10572,0.000691379071213305
10573,2.6993693609256297e-05
10574,0.9989187717437744
10575,0.0034535182639956474
10576,0.0002069093898171559
10577,9.393802611157298e-05
10578,0.9999983310699463
10579,0.9427912831306458
10580,0.8597821593284607
10581,0.9997028708457947
10582,0.0035162584390491247
10583,0.8622453212738037
10584,0.9996235370635986
10585,0.0003617338079493493
10586,2.8193670686960104e-07
10587,0.9999991655349731
10588,0.9999696016311646
10589,0.0011258089216426015
10590,8.627952774986625e-05
10591,0.9999644756317139
10592,0.0011412024032324553
10593,0.9810913801193237
10594,0.9999922513961792
10595,0.9999752044677734
10596,0.002176714828237891
10597,1.8780703612719662e-05
10598,0.9999208450317383
10599,0.9999973773956299
10600,0.9999665021896362
10601,0.13864105939865112
10602,0.718135416507721
10603,8.90663213795051e-05
10604,0.0002778385824058205
10605,0.08418735861778259
10606,0.9999724626541138
10607,2.0024408513563685e-05
10608,0.9999486207962036
10609,0.9989452958106995
10610,0.9999899864196777
10611,0.00022210799215827137
10612,0.9998595714569092
10613,1.0811731954163406e-05
10614,5.0471680879127234e-05
10615,3.460074822214665e-06
10616,0.9999850988388062
10617,0.07742030173540115
10618,8.330730634042993e-05
10619,0.0006912098033353686
10620,0.9861090779304504
10621,2.2844875275040977e-05
10622,0.8246898055076599
10623,8.727849490242079e-05
10624,0.00038588186725974083
10625,0.9996156692504883
10626,0.0020549928303807974
10627,1.5398878531414084e-05
10628,9.09336085896939e-06
10629,0.9979522228240967
10630,9.742112160893157e-05
10631,0.0002512577048037201
10632,0.999792754650116
10633,0.9999805688858032
10634,1.30470834847074e-05
10635,0.00012487155618146062
10636,0.996894359588623
10637,0.17096562683582306
10638,8.046405355344177e-07
10639,0.99898761510849
10640,0.9999978542327881
10641,0.9999791383743286
10642,0.9999862909317017
10643,1.2866435099567752e-05
10644,0.9965685606002808
10645,0.9999927282333374
10646,0.9397736191749573
10647,0.3805903196334839
10648,0.9999687671661377
10649,4.750292282551527e-05
10650,9.059291915036738e-05
10651,0.9998457431793213
10652,0.000103972532087937
10653,5.506808065547375e-06
10654,0.00017682755424175411
10655,2.941732191175106e-07
10656,0.9999904632568359
10657,0.0003705949638970196
10658,0.9997137188911438
10659,0.9999407529830933
10660,4.656451437767828e-06
10661,0.9999061822891235
10662,0.9968609809875488
10663,0.9998654127120972
10664,0.0005940231494605541
10665,0.00227066851221025
10666,0.9998831748962402
10667,0.9999985694885254
10668,3.100395406363532e-05
10669,1.980161869141739e-06
10670,0.00020350243721622974
10671,0.0011970950290560722
10672,0.001307032536715269
10673,0.9964615702629089
10674,3.3061294288927456e-06
10675,0.0011980507988482714
10676,0.002907461952418089
10677,0.008335817605257034
10678,0.0007009612745605409
10679,7.341976129282557e-07
10680,0.9944866299629211
10681,6.996374395384919e-06
10682,0.0006857177941128612
10683,0.9999990463256836
10684,0.9992951154708862
10685,0.001741234096698463
10686,0.003966028336435556
10687,0.0008586330222897232
10688,0.999976396560669
10689,0.999987006187439
10690,7.029186235740781e-05
10691,0.0012299100635573268
10692,0.9999920129776001
10693,0.004646501038223505
10694,0.001611777930520475
10695,0.9999936819076538
10696,0.9999293088912964
10697,0.9999940395355225
10698,0.023133888840675354
10699,0.9509973526000977
10700,0.0005225828499533236
10701,0.9993473887443542
10702,0.9999830722808838
10703,0.6674696207046509
10704,0.0006315340870060027
10705,0.9931788444519043
10706,0.9928044676780701
10707,0.9999998807907104
10708,0.0264603104442358
10709,0.9999935626983643
10710,0.9835387468338013
10711,0.07114674150943756
10712,0.9999629259109497
10713,0.08152568340301514
10714,0.9762176275253296
10715,0.9999960660934448
10716,2.9942333640065044e-05
10717,0.9997608065605164
10718,7.337423085118644e-06
10719,0.9975722432136536
10720,0.9990866184234619
10721,6.326387665467337e-05
10722,0.0004976167692802846
10723,0.9999940395355225
10724,0.9999984502792358
10725,0.9999687671661377
10726,0.0006674760370515287
10727,1.2585626336658606e-06
10728,0.038049645721912384
10729,0.0009038419811986387
10730,0.9982231259346008
10731,0.9909866452217102
10732,3.8774494896642864e-05
10733,0.9960387945175171
10734,0.0032873547170311213
10735,0.0036439052782952785
10736,0.9861711859703064
10737,0.00012492087262216955
10738,0.9666378498077393
10739,0.9999693632125854
10740,0.012147845700383186
10741,0.25421643257141113
10742,0.998805046081543
10743,0.9992571473121643
10744,0.9999949932098389
10745,0.09052320569753647
10746,9.30213263927726e-06
10747,0.0032251242082566023
10748,8.39610438561067e-05
10749,9.960466559277847e-05
10750,0.9983439445495605
10751,0.00046528514940291643
10752,0.9867753982543945
10753,0.9910009503364563
10754,1.16329238153412e-06
10755,0.9999854564666748
10756,0.999638557434082
10757,4.81717761431355e-05
10758,0.9999884366989136
10759,0.00020550635235849768
10760,0.014249680563807487
10761,0.17315267026424408
10762,0.002320756670087576
10763,3.345065488247201e-05
10764,0.00039985711919143796
10765,0.9999877214431763
10766,0.9997527003288269
10767,0.9999849796295166
10768,0.9999990463256836
10769,0.9999969005584717
10770,0.9999498128890991
10771,0.9982151985168457
10772,0.9971377849578857
10773,0.9999221563339233
10774,2.2566568077309057e-05
10775,1.2542944205051754e-05
10776,0.015341768972575665
10777,0.9999998807907104
10778,3.7435991544043645e-05
10779,0.0003044182085432112
10780,0.00010956048936350271
10781,0.0017186151817440987
10782,0.9994518160820007
10783,0.016309669241309166
10784,0.0008194891852326691
10785,0.9999723434448242
10786,0.0011874608462676406
10787,0.9986717700958252
10788,0.9999631643295288
10789,6.058328835933935e-06
10790,0.44312429428100586
10791,0.0016984085086733103
10792,0.0014279424212872982
10793,0.00013932074944023043
10794,0.9998936653137207
10795,0.9998507499694824
10796,0.006414673291146755
10797,0.0028498838655650616
10798,0.9812417030334473
10799,0.00015970469394233078
10800,0.21554245054721832
10801,0.9962343573570251
10802,9.796242466109106e-07
10803,0.0007582096732221544
10804,0.9999980926513672
10805,0.27726906538009644
10806,0.9961742758750916
10807,0.00015648947737645358
10808,0.9997072815895081
10809,9.155762381851673e-05
10810,0.0033469321206212044
10811,0.9999864101409912
10812,8.242905460065231e-05
10813,0.013637796975672245
10814,0.00016271762433461845
10815,0.817423939704895
10816,0.006119152996689081
10817,1.793265801097732e-05
10818,0.0003169015690218657
10819,0.0005901712574996054
10820,0.9900608062744141
10821,0.9997746348381042
10822,0.0006872358499094844
10823,0.005560195539146662
10824,2.2631998945144005e-05
10825,0.9999566078186035
10826,0.9998063445091248
10827,2.4536129785701632e-05
10828,0.007023797836154699
10829,0.9995996356010437
10830,0.0003823945007752627
10831,0.999724805355072
10832,0.9968072175979614
10833,0.021682070568203926
10834,0.6822623610496521
10835,0.0015159293543547392
10836,0.5500994920730591
10837,0.18619759380817413
10838,0.9999860525131226
10839,1.2234210771566723e-05
10840,0.0007580181700177491
10841,0.0004053044249303639
10842,0.003481236519291997
10843,0.0025393955875188112
10844,0.999984622001648
10845,0.9977291226387024
10846,0.14832472801208496
10847,0.9995265007019043
10848,0.999957799911499
10849,0.005491339601576328
10850,0.0001927822013385594
10851,0.9999799728393555
10852,0.8317577838897705
10853,0.9999821186065674
10854,0.9998469352722168
10855,0.9999600648880005
10856,1.5923098544590175e-05
10857,0.9999755620956421
10858,0.9968628883361816
10859,0.9994646906852722
10860,4.475111836654833e-06
10861,0.9875172972679138
10862,0.00027799620875157416
10863,0.9999819993972778
10864,0.37090638279914856
10865,0.0015069198561832309
10866,0.9991950392723083
10867,0.0005125124007463455
10868,0.010099920444190502
10869,0.9996846914291382
10870,0.16219374537467957
10871,9.075876732822508e-05
10872,0.9999724626541138
10873,6.251245213206857e-05
10874,0.008797239512205124
10875,0.9997170567512512
10876,0.9999527931213379
10877,0.0022429702803492546
10878,1.4160037835608819e-06
10879,0.9999916553497314
10880,1.0176653631788213e-05
10881,0.9997547268867493
10882,0.4488465189933777
10883,0.9999969005584717
10884,2.2611520762438886e-06
10885,0.0015799009706825018
10886,2.7443624276202172e-05
10887,0.00023844891984481364
10888,0.9999895095825195
10889,0.1334952414035797
10890,0.07650811970233917
10891,0.05284704640507698
10892,0.9999791383743286
10893,0.00015117076691240072
10894,0.005448921117931604
10895,0.999988317489624
10896,0.9999749660491943
10897,0.9884300231933594
10898,0.9949055910110474
10899,0.999982476234436
10900,0.9999545812606812
10901,2.7131329261464998e-05
10902,0.9999650716781616
10903,0.9997816681861877
10904,0.9999701976776123
10905,0.9999599456787109
10906,0.0022034829016774893
10907,0.9998194575309753
10908,0.1751197874546051
10909,0.999995231628418
10910,0.0007237311219796538
10911,0.9997027516365051
10912,0.9999983310699463
10913,0.041400499641895294
10914,0.9999983310699463
10915,3.819695393758593e-06
10916,0.9999561309814453
10917,0.22522301971912384
10918,1.6176223653019406e-05
10919,0.9986094236373901
10920,0.9991336464881897
10921,0.01146501861512661
10922,9.794760444492567e-06
10923,0.08296811580657959
10924,0.9998753070831299
10925,0.9999866485595703
10926,0.9999662637710571
10927,0.0006503266631625593
10928,8.03588263806887e-05
10929,0.9968453049659729
10930,0.9739844799041748
10931,0.018319591879844666
10932,0.9998279809951782
10933,0.0011297162855044007
10934,0.0006291911122389138
10935,0.9951317310333252
10936,0.9991230368614197
10937,0.9997757077217102
10938,7.107225246727467e-05
10939,7.887901301728562e-05
10940,0.987939715385437
10941,0.0006840448477305472
10942,0.09411370009183884
10943,0.19262446463108063
10944,0.0002219919697381556
10945,0.0011222787434235215
10946,0.9937228560447693
10947,1.4791947933190386e-06
10948,0.9738020300865173
10949,9.684637007012498e-06
10950,5.581306368185324e-07
10951,0.9999997615814209
10952,0.9997374415397644
10953,0.000124185680761002
10954,0.9946603178977966
10955,0.00022619744413532317
10956,0.004054345656186342
10957,0.9999525547027588
10958,1.7921955077326857e-05
10959,0.9986029267311096
10960,0.009374323301017284
10961,0.9994291663169861
10962,0.9995648264884949
10963,0.9998760223388672
10964,6.107889203121886e-05
10965,0.00033847877057269216
10966,0.9997187256813049
10967,0.00029871161677874625
10968,0.9992552399635315
10969,0.002378682838752866
10970,0.0002674394636414945
10971,0.00036646760418079793
10972,0.001376098720356822
10973,0.9998142123222351
10974,0.9996126294136047
10975,1.4208981156116351e-06
10976,0.996982753276825
10977,0.00022724086011294276
10978,0.03581446036696434
10979,0.9993104934692383
10980,1.8431496755511034e-06
10981,0.9983036518096924
10982,0.8765432238578796
10983,0.9999920129776001
10984,0.9993453621864319
10985,0.9999150037765503
10986,6.001084693707526e-05
10987,0.0015555907739326358
10988,0.0005001833196729422
10989,5.2525242608680855e-06
10990,0.9999767541885376
10991,0.0011321876663714647
10992,0.0005586181068792939
10993,0.9999638795852661
10994,0.99993896484375
10995,0.11175712198019028
10996,0.9999998807907104
10997,7.358406719504273e-07
10998,0.999972939491272
10999,1.0183158337895293e-05
11000,0.0479060634970665
11001,0.9987062215805054
11002,0.9996242523193359
11003,0.001643039402551949
11004,6.213002052390948e-05
11005,0.9999357461929321
11006,0.9999964237213135
11007,0.995172917842865
11008,0.0007410654216073453
11009,0.05613084137439728
11010,0.9998900890350342
11011,0.9860149621963501
11012,0.9995974898338318
11013,0.9991644620895386
11014,0.9214836955070496
11015,0.9999885559082031
11016,0.9992685914039612
11017,0.00017678509175311774
11018,0.0009653015295043588
11019,0.999718964099884
11020,0.9999929666519165
11021,0.9667481184005737
11022,0.00012802565470337868
11023,0.9999806880950928
11024,0.9999916553497314
11025,0.0035080877132713795
11026,0.0018932238453999162
11027,0.9950768351554871
11028,0.02745639532804489
11029,0.9492554068565369
11030,0.9999159574508667
11031,1.798303856048733e-05
11032,2.6587235879560467e-06
11033,0.9718427062034607
11034,0.9997797608375549
11035,0.9999716281890869
11036,0.9997877478599548
11037,0.9999814033508301
11038,2.7988540750811808e-05
11039,2.424353340302332e-07
11040,0.0005802001105621457
11041,0.9983495473861694
11042,3.6830892895522993e-06
11043,0.9999959468841553
11044,0.9999970197677612
11045,0.002444465644657612
11046,0.9999734163284302
11047,0.9999011754989624
11048,0.9961346387863159
11049,0.23673847317695618
11050,0.9995262622833252
11051,0.9882805347442627
11052,0.0009972050320357084
11053,0.987529993057251
11054,0.9999459981918335
11055,0.04544913396239281
11056,0.001513653784058988
11057,0.9999841451644897
11058,0.017641892656683922
11059,8.704311039764434e-05
11060,0.25314828753471375
11061,1.3416301953839138e-05
11062,0.999998927116394
11063,0.9999229907989502
11064,8.908784366212785e-06
11065,0.9999815225601196
11066,0.9999134540557861
11067,0.00030499225249513984
11068,0.029804909601807594
11069,0.999977707862854
11070,0.9999945163726807
11071,0.9999986886978149
11072,0.023903192952275276
11073,0.038845520466566086
11074,3.410469798836857e-05
11075,6.250260184970102e-07
11076,0.00022167619317770004
11077,2.166667218261864e-05
11078,0.008049721829593182
11079,0.9912046790122986
11080,0.9999997615814209
11081,0.9998114705085754
11082,0.0015356914373114705
11083,0.9999854564666748
11084,0.999422550201416
11085,0.9999493360519409
11086,0.00014510058099403977
11087,3.2519652449991554e-05
11088,0.0008946041343733668
11089,0.9999948740005493
11090,0.9933773875236511
11091,0.08121740072965622
11092,0.9999990463256836
11093,0.9995896220207214
11094,0.0008405473199672997
11095,0.2537623941898346
11096,0.8549969792366028
11097,0.9999220371246338
11098,3.355532680870965e-05
11099,0.7916660308837891
11100,0.9999867677688599
11101,0.9999799728393555
11102,0.14524593949317932
11103,5.2400468121049926e-05
11104,0.9999995231628418
11105,0.09430047124624252
11106,0.0003539172175806016
11107,0.9878288507461548
11108,0.0019525589887052774
11109,0.0006360238767229021
11110,0.0018393148202449083
11111,0.9914694428443909
11112,0.9989356398582458
11113,0.3218245804309845
11114,0.9999997615814209
11115,0.0010681133717298508
11116,0.9520384669303894
11117,0.9991660118103027
11118,0.007506352383643389
11119,5.780635092378361e-06
11120,0.05866698920726776
11121,0.3195783197879791
11122,0.0006209987914189696
11123,0.9998325109481812
11124,0.0005713919526897371
11125,0.9854106903076172
11126,1.0
11127,0.017987877130508423
11128,0.9998786449432373
11129,2.455002459100797e-06
11130,0.0002079633850371465
11131,1.7702333934721537e-05
11132,0.9990088939666748
11133,0.9880428314208984
11134,0.9998078942298889
11135,1.1625277693383396e-05
11136,0.05462712049484253
11137,0.00021594118152279407
11138,0.9999244213104248
11139,0.9994667172431946
11140,0.9999837875366211
11141,0.999896764755249
11142,0.000820027373265475
11143,0.999984860420227
11144,6.059855763851374e-07
11145,0.9999940395355225
11146,0.9999995231628418
11147,0.9999449253082275
11148,0.9999500513076782
11149,0.9999961853027344
11150,0.0009570700349286199
11151,0.9999711513519287
11152,0.9999649524688721
11153,0.9991482496261597
11154,0.9995249509811401
11155,0.9996272325515747
11156,0.001967513468116522
11157,0.9998310804367065
11158,0.0007872558780945837
11159,0.9998965263366699
11160,0.0007514632306993008
11161,0.9200922250747681
11162,0.0002011437463806942
11163,0.005828280933201313
11164,0.999975323677063
11165,0.9999533891677856
11166,0.0010148512665182352
11167,0.03665435314178467
11168,0.032000795006752014
11169,0.9999954700469971
11170,0.9999974966049194
11171,0.00024728497373871505
11172,6.2842304942023475e-06
11173,0.9995734095573425
11174,0.9993508458137512
11175,0.9984776377677917
11176,0.9992108345031738
11177,0.06276123225688934
11178,0.9999991655349731
11179,7.997932698344812e-05
11180,0.9962108135223389
11181,0.9305341243743896
11182,0.999995231628418
11183,3.68275104847271e-05
11184,5.799633436254226e-05
11185,2.1382888007792644e-05
11186,0.5724474787712097
11187,6.742595724062994e-05
11188,0.97376549243927
11189,0.9988784193992615
11190,0.00032521437969990075
11191,0.963049054145813
11192,0.013514299876987934
11193,0.9978718757629395
11194,0.9653582572937012
11195,0.9999892711639404
11196,2.0879697331110947e-06
11197,0.0002485649602022022
11198,0.004531723912805319
11199,0.0003237730707041919
11200,0.018350860103964806
11201,0.9999886751174927
11202,0.9998623132705688
11203,0.0002697405871003866
11204,0.995870053768158
11205,0.9985336065292358
11206,1.7577967810211703e-05
11207,1.5339938954639365e-06
11208,0.9587283134460449
11209,0.0006350462790578604
11210,0.9996042847633362
11211,0.27766332030296326
11212,0.9925873875617981
11213,0.9997844099998474
11214,0.0001112214449676685
11215,8.418047218583524e-05
11216,7.226502930279821e-05
11217,0.992238461971283
11218,0.9960998296737671
11219,5.8169600379187614e-05
11220,0.7876968383789062
11221,0.08682817965745926
11222,0.9992081522941589
11223,0.36140838265419006
11224,0.9997566342353821
11225,0.00017025736451614648
11226,0.0006359462859109044
11227,0.9995144605636597
11228,0.007627664599567652
11229,0.9998807907104492
11230,0.9959614872932434
11231,0.9806389212608337
11232,0.9912431240081787
11233,0.00020799670892301947
11234,0.00017985350859817117
11235,0.9995872378349304
11236,0.0003262183163315058
11237,0.9295121431350708
11238,0.9999990463256836
11239,0.9968776702880859
11240,0.007039282005280256
11241,0.838740885257721
11242,0.9999992847442627
11243,5.2993023018643726e-06
11244,0.9996141195297241
11245,0.0011583400191739202
11246,0.21983104944229126
11247,0.9999998807907104
11248,0.9999850988388062
11249,0.9999524354934692
11250,0.9999572038650513
11251,0.9999985694885254
11252,0.01077777799218893
11253,0.9999994039535522
11254,0.9999856948852539
11255,0.9926647543907166
11256,7.101595110725611e-05
11257,0.06400056183338165
11258,0.9996032118797302
11259,0.00021869906049687415
11260,0.00045826047426089644
11261,0.999993085861206
11262,0.9996707439422607
11263,2.5673480195109732e-05
11264,1.4651812307420187e-05
11265,0.9998133778572083
11266,0.0034323493018746376
11267,0.6837490200996399
11268,0.9692548513412476
11269,0.999991774559021
11270,0.0001052889201673679
11271,0.00439006183296442
11272,0.9999938011169434
11273,0.9968550205230713
11274,0.9999945163726807
11275,9.285929991165176e-05
11276,0.0005802366649731994
11277,0.9999992847442627
11278,0.9998045563697815
11279,0.9999610185623169
11280,0.3842472434043884
11281,0.9999960660934448
11282,0.9999756813049316
11283,0.9965682029724121
11284,0.9999257326126099
11285,0.0007141692913137376
11286,0.9999909400939941
11287,6.376404780894518e-05
11288,5.169942232896574e-05
11289,2.344153017475037e-06
11290,0.9974430799484253
11291,4.558371438179165e-05
11292,0.9999029636383057
11293,0.9999922513961792
11294,0.9724780321121216
11295,1.9561410226742737e-05
11296,0.9999755620956421
11297,0.9999690055847168
11298,0.00013783550821244717
11299,0.0012183325598016381
11300,0.9999943971633911
11301,8.094509098555136e-07
11302,0.9937398433685303
11303,0.9823463559150696
11304,0.9747284054756165
11305,0.9995145797729492
11306,0.9999735355377197
11307,0.998241662979126
11308,0.9995064735412598
11309,0.9999831914901733
11310,0.9999696016311646
11311,0.9999289512634277
11312,0.9999911785125732
11313,0.003410744247958064
11314,0.9994761347770691
11315,0.2580083906650543
11316,0.9992737174034119
11317,0.000312778603984043
11318,0.0002093011571560055
11319,0.9999470710754395
11320,0.9187462329864502
11321,0.9998511075973511
11322,0.9993712306022644
11323,7.917276525404304e-05
11324,0.022739211097359657
11325,0.008767956867814064
11326,0.9999896287918091
11327,0.998856782913208
11328,3.989814285887405e-05
11329,0.9999072551727295
11330,0.0028894932474941015
11331,0.9999662637710571
11332,0.9999709129333496
11333,0.9953887462615967
11334,0.9470824003219604
11335,0.9999328851699829
11336,0.004588982090353966
11337,0.873140275478363
11338,0.005024074111133814
11339,0.14968521893024445
11340,0.995667576789856
11341,0.9996107220649719
11342,0.00010499795462237671
11343,0.9989972710609436
11344,0.9999830722808838
11345,0.00010224475408904254
11346,0.999994158744812
11347,0.9999998807907104
11348,0.9988910555839539
11349,0.9672825336456299
11350,0.005800871178507805
11351,0.0005112036014907062
11352,0.9996803998947144
11353,7.693989027757198e-05
11354,0.06054005026817322
11355,0.00013697848771698773
11356,0.999927282333374
11357,0.9886705875396729
11358,0.9999799728393555
11359,3.231465962016955e-05
11360,0.9999289512634277
11361,0.02250784821808338
11362,0.00034220758243463933
11363,0.9999148845672607
11364,7.200218533398584e-05
11365,0.004800429102033377
11366,0.9999986886978149
11367,3.0931562378100352e-06
11368,0.001114321406930685
11369,0.0026583056896924973
11370,0.9999728202819824
11371,0.9999955892562866
11372,0.002338213147595525
11373,0.0003404494491405785
11374,1.1083586286986247e-05
11375,6.235593173187226e-05
11376,0.0001462136278860271
11377,0.00013319210847839713
11378,0.9998301267623901
11379,0.9998503923416138
11380,0.9969845414161682
11381,0.00042816682253032923
11382,0.9969930648803711
11383,0.9999903440475464
11384,0.001611935906112194
11385,0.999982476234436
11386,0.9993071556091309
11387,0.9999866485595703
11388,6.047894567018375e-05
11389,0.0175312589854002
11390,5.263967250357382e-05
11391,0.9989303946495056
11392,2.464066528773401e-05
11393,0.0012192032299935818
11394,0.9999958276748657
11395,0.9975869655609131
11396,4.9358779506292194e-05
11397,1.422662171535194e-05
11398,0.9999756813049316
11399,0.9999972581863403
11400,0.9988952875137329
11401,0.0008046147995628417
11402,0.9999964237213135
11403,0.006034920457750559
11404,0.001035218476317823
11405,0.0009912601672112942
11406,0.9999505281448364
11407,0.0004994483897462487
11408,0.9999464750289917
11409,0.010544010438024998
11410,0.0025814061518758535
11411,0.9999319314956665
11412,0.9999802112579346
11413,3.360505434102379e-05
11414,0.05194980278611183
11415,0.004869598429650068
11416,0.9999957084655762
11417,0.9942600727081299
11418,0.017871983349323273
11419,0.9991651773452759
11420,0.9999957084655762
11421,0.00041994801722466946
11422,0.9997166991233826
11423,0.9908959269523621
11424,0.09287811815738678
11425,0.9983843564987183
11426,0.9989662170410156
11427,0.9999538660049438
11428,0.9999946355819702
11429,0.9999128580093384
11430,0.9999812841415405
11431,9.831688657868654e-06
11432,0.00030967494240030646
11433,0.019223542883992195
11434,0.017172018066048622
11435,0.9999979734420776
11436,0.9076803922653198
11437,0.9945293068885803
11438,0.9999914169311523
11439,0.999998927116394
11440,3.479534279904328e-05
11441,0.9998968839645386
11442,0.9999946355819702
11443,0.9999998807907104
11444,4.576415449264459e-06
11445,0.9993603825569153
11446,9.916795988829108e-07
11447,4.194384746369906e-05
11448,0.9996836185455322
11449,0.9998558759689331
11450,0.008828174322843552
11451,0.9748280644416809
11452,0.9912598729133606
11453,0.9756609797477722
11454,0.9993896484375
11455,8.599685315857641e-06
11456,0.01883069798350334
11457,1.5840403648326173e-05
11458,0.997401237487793
11459,0.9999887943267822
11460,0.0003539023455232382
11461,0.9999713897705078
11462,0.017977774143218994
11463,1.0182935511693358e-05
11464,0.9999018907546997
11465,1.4497697975457413e-07
11466,1.2817471542803105e-05
11467,2.5851149985101074e-06
11468,0.9848359227180481
11469,0.9999980926513672
11470,0.999996542930603
11471,0.8466476798057556
11472,0.9999984502792358
11473,0.9999324083328247
11474,0.01890091970562935
11475,4.2148508327954914e-06
11476,0.0058484855107963085
11477,0.002725007478147745
11478,0.9999523162841797
11479,0.16269327700138092
11480,4.780831659445539e-05
11481,1.4797147741774097e-05
11482,0.9943593144416809
11483,0.9999953508377075
11484,0.11944837868213654
11485,9.123654308496043e-05
11486,0.9999076128005981
11487,0.999822199344635
11488,0.999997615814209
11489,9.355218026030343e-06
11490,0.9962922930717468
11491,0.0002651830145623535
11492,0.001592647866345942
11493,2.7465983293950558e-05
11494,0.9986427426338196
11495,4.141612589592114e-05
11496,0.999985933303833
11497,0.9988386034965515
11498,0.005293256603181362
11499,0.0002792551531456411
11500,0.0007473931764252484
11501,0.0008163871825672686
11502,0.9771034717559814
11503,0.9988180994987488
11504,8.869899829733185e-06
11505,0.02768956683576107
11506,0.9999998807907104
11507,0.9393987059593201
11508,2.7879825211130083e-05
11509,0.001006149803288281
11510,0.9998236298561096
11511,0.0005006600404158235
11512,0.9996490478515625
11513,0.9991637468338013
11514,0.9240471124649048
11515,0.999997615814209
11516,0.9987479448318481
11517,0.0033478576224297285
11518,9.400979195106629e-08
11519,0.9949555993080139
11520,0.9997573494911194
11521,0.9998273253440857
11522,0.9966585636138916
11523,7.125334832380759e-06
11524,0.001189161092042923
11525,1.962988062587101e-05
11526,0.9999984502792358
11527,0.999984860420227
11528,0.002024517161771655
11529,5.127896201884141e-06
11530,0.9999822378158569
11531,6.178721605465398e-07
11532,0.25239771604537964
11533,0.9999867677688599
11534,0.00011699294555000961
11535,0.9999980926513672
11536,0.9757686853408813
11537,0.8547816872596741
11538,7.47772401155089e-06
11539,0.9999843835830688
11540,0.02664467878639698
11541,0.9999713897705078
11542,0.9976636171340942
11543,2.921442501246929e-05
11544,0.0006548294913955033
11545,0.00810150895267725
11546,3.080702299484983e-05
11547,2.3078453523339704e-05
11548,0.9992128610610962
11549,3.937085057259537e-05
11550,0.9999915361404419
11551,2.611186027934309e-05
11552,0.9998165965080261
11553,0.8239119648933411
11554,0.9974529147148132
11555,0.9999876022338867
11556,1.7169273633044213e-05
11557,9.16157944175211e-07
11558,0.054550644010305405
11559,0.0037186353001743555
11560,0.0016280695563182235
11561,0.9996309280395508
11562,0.9989808201789856
11563,0.0009189554257318377
11564,4.367668952909298e-05
11565,1.851408524089493e-05
11566,3.502048275549896e-05
11567,0.9999715089797974
11568,0.03287499397993088
11569,0.9626914262771606
11570,0.0018128779483959079
11571,0.9978876709938049
11572,2.4138105800375342e-05
11573,0.00019387845532037318
11574,6.636289617745206e-05
11575,0.9997015595436096
11576,0.9999998807907104
11577,0.00010856430162675679
11578,6.338718230836093e-05
11579,0.9998400211334229
11580,0.9857379198074341
11581,0.5995721817016602
11582,1.4093689969740808e-05
11583,7.290300800377736e-06
11584,0.9999878406524658
11585,0.9999984502792358
11586,0.9990932941436768
11587,2.705020030191463e-08
11588,6.008741365803871e-06
11589,0.9845204949378967
11590,4.368371264718007e-06
11591,0.00271675456315279
11592,8.29994969535619e-05
11593,0.9995033740997314
11594,0.0007473746663890779
11595,3.0053015507292002e-05
11596,0.00014603082672692835
11597,3.3158453334181104e-06
11598,0.9952847361564636
11599,6.439473963837372e-06
11600,0.9746402502059937
11601,0.9980510473251343
11602,0.3896404504776001
11603,0.9999769926071167
11604,0.9939153790473938
11605,0.9896692633628845
11606,0.00857809279114008
11607,0.018249928951263428
11608,0.000217042223084718
11609,0.0004497055779211223
11610,0.19833672046661377
11611,0.002199222333729267
11612,6.360832048812881e-05
11613,0.8575363159179688
11614,2.5922205168171786e-05
11615,3.775558070628904e-05
11616,5.842672544531524e-05
11617,0.9999881982803345
11618,1.8002463548327796e-05
11619,0.006990390829741955
11620,1.3430203580355737e-05
11621,3.8230351492529735e-05
11622,4.066711335326545e-05
11623,0.9999996423721313
11624,0.21107667684555054
11625,0.9999974966049194
11626,0.9999488592147827
11627,0.9999949932098389
11628,0.9685189723968506
11629,0.9899677038192749
11630,0.9996559619903564
11631,0.0014987434260547161
11632,6.478878731286386e-06
11633,0.0037072086706757545
11634,3.944348918594187e-07
11635,0.9999786615371704
11636,0.0003130628901999444
11637,0.05102182924747467
11638,3.551568806869909e-05
11639,4.72357714897953e-05
11640,0.9999847412109375
11641,8.93386584266409e-07
11642,0.9999803304672241
11643,0.9986691474914551
11644,0.00026502934633754194
11645,0.9999949932098389
11646,0.795908510684967
11647,0.9992875456809998
11648,0.999998927116394
11649,0.9974486231803894
11650,0.9999934434890747
11651,0.9999099969863892
11652,2.973017444674042e-06
11653,1.7909677296756854e-07
11654,0.9999982118606567
11655,0.9999996423721313
11656,0.9999998807907104
11657,0.012637455016374588
11658,0.10268781334161758
11659,0.00012986836372874677
11660,0.9971849322319031
11661,4.010486918559764e-06
11662,0.0008454694179818034
11663,0.9999866485595703
11664,0.000482015369925648
11665,0.9999758005142212
11666,0.0006442281883209944
11667,0.00022612391330767423
11668,5.74049818169442e-06
11669,0.9999926090240479
11670,0.9999631643295288
11671,0.9999998807907104
11672,0.009827851317822933
11673,0.9908773303031921
11674,0.13420262932777405
11675,0.0003814765950664878
11676,5.747215618612245e-05
11677,0.9999146461486816
11678,0.3962043821811676
11679,0.002067052060738206
11680,0.026305044069886208
11681,0.9999991655349731
11682,0.0005347499391064048
11683,0.9939259886741638
11684,0.24109342694282532
11685,0.011579611338675022
11686,0.9868599772453308
11687,1.7274697938773897e-07
11688,0.9997707009315491
11689,4.879837069893256e-05
11690,0.999996542930603
11691,0.03748033568263054
11692,0.00013090792344883084
11693,0.0005077178357169032
11694,0.9988887906074524
11695,8.906512812245637e-05
11696,0.9967531561851501
11697,0.999997615814209
11698,0.002554739359766245
11699,0.9999432563781738
11700,6.616410973947495e-05
11701,0.020453575998544693
11702,0.00019386957865208387
11703,0.00011784140951931477
11704,7.777024535471355e-08
11705,1.0
11706,0.9999696016311646
11707,0.9867658615112305
11708,1.0820541319844779e-05
11709,0.999954104423523
11710,0.004445542581379414
11711,0.7234429121017456
11712,0.008151906542479992
11713,0.999995231628418
11714,0.012821541167795658
11715,0.9999904632568359
11716,0.9968107342720032
11717,0.9991746544837952
11718,0.9976287484169006
11719,5.636850619339384e-05
11720,0.9992465972900391
11721,3.123323040199466e-05
11722,0.009504441171884537
11723,0.9999561309814453
11724,1.1505333532113582e-05
11725,0.9999808073043823
11726,5.685909400199307e-06
11727,2.4699718778720126e-05
11728,1.4706998626934364e-05
11729,0.9989590644836426
11730,0.08928129076957703
11731,0.9997138381004333
11732,0.9999991655349731
11733,0.9999951124191284
11734,0.0141286700963974
11735,0.9988284707069397
11736,0.01772412285208702
11737,0.07362094521522522
11738,0.0008661229512654245
11739,0.053351081907749176
11740,0.9999959468841553
11741,0.03789040446281433
11742,8.008726837260838e-08
11743,2.293741454195697e-05
11744,0.5725769400596619
11745,4.543893373920582e-05
11746,0.17026469111442566
11747,5.240101472736569e-06
11748,0.00019682137644849718
11749,0.9999927282333374
11750,7.703466690145433e-05
11751,2.7010533813154325e-05
11752,0.9999990463256836
11753,0.9981080293655396
11754,0.003082538954913616
11755,2.584371031844057e-05
11756,0.6054624915122986
11757,0.998050332069397
11758,0.9999983310699463
11759,0.9997591376304626
11760,0.9990522265434265
11761,0.9999309778213501
11762,0.99992835521698
11763,0.9999748468399048
11764,0.9995926022529602
11765,0.9993062019348145
11766,0.9993902444839478
11767,0.9999384880065918
11768,0.05554168298840523
11769,5.2192106522852555e-05
11770,0.9999969005584717
11771,0.00041686787153594196
11772,0.4543551504611969
11773,0.9999996423721313
11774,0.6355360150337219
11775,0.9999136924743652
11776,0.9997683167457581
11777,0.020216481760144234
11778,0.9999912977218628
11779,0.0005802366649731994
11780,0.9999988079071045
11781,0.9999986886978149
11782,0.9997866749763489
11783,0.0003966914664488286
11784,0.06272262334823608
11785,0.9999672174453735
11786,0.00025190412998199463
11787,0.9986147880554199
11788,0.00011795158206950873
11789,0.9999890327453613
11790,0.9996973276138306
11791,0.9999998807907104
11792,0.9999504089355469
11793,0.025278223678469658
11794,0.013648513704538345
11795,0.9999774694442749
11796,1.8540020391810685e-05
11797,0.16074825823307037
11798,5.332407454261556e-05
11799,0.9950390458106995
11800,0.37399160861968994
11801,0.9999910593032837
11802,0.9990052580833435
11803,0.016030050814151764
11804,0.9997069239616394
11805,0.9079803228378296
11806,0.999983549118042
11807,0.0004302575543988496
11808,0.016262762248516083
11809,0.9999920129776001
11810,0.9996275901794434
11811,0.001022266922518611
11812,0.9881604909896851
11813,0.00014075095532462
11814,0.9994497895240784
11815,0.9817959666252136
11816,0.9998107552528381
11817,0.006036497186869383
11818,0.5226008296012878
11819,6.49555545351177e-07
11820,0.06671148538589478
11821,0.9999998807907104
11822,0.9997112154960632
11823,0.9998635053634644
11824,0.792279839515686
11825,0.9991087317466736
11826,0.04333004727959633
11827,0.9999403953552246
11828,0.9999995231628418
11829,0.9999352693557739
11830,9.228643648384605e-06
11831,0.9999723434448242
11832,0.9996128678321838
11833,0.9998840093612671
11834,0.008877377957105637
11835,0.9995586276054382
11836,0.9998855590820312
11837,0.6318575739860535
11838,0.999980092048645
11839,0.9999889135360718
11840,0.9999892711639404
11841,0.9999938011169434
11842,0.0004699372802861035
11843,0.9997532963752747
11844,0.9999425411224365
11845,0.00044632662320509553
11846,0.9986461997032166
11847,0.047489818185567856
11848,4.829104000236839e-06
11849,0.9999816417694092
11850,0.9936680197715759
11851,0.045888274908065796
11852,0.9992794394493103
11853,0.0008313673315569758
11854,7.293763701454736e-06
11855,0.9996999502182007
11856,0.00656753359362483
11857,0.00031698975362814963
11858,2.155260290237493e-06
11859,0.0004495495813898742
11860,0.0002214600972365588
11861,0.9999406337738037
11862,0.999987006187439
11863,0.999974250793457
11864,0.42003902792930603
11865,0.17357833683490753
11866,0.8472487330436707
11867,0.9999713897705078
11868,6.235372711671516e-05
11869,0.9999058246612549
11870,0.9999035596847534
11871,0.9980326294898987
11872,1.9030621842830442e-05
11873,0.006700615864247084
11874,0.9999984502792358
11875,0.05732901021838188
11876,0.004770617466419935
11877,0.9993526339530945
11878,0.9999778270721436
11879,0.9859277009963989
11880,0.3555798828601837
11881,0.8458822965621948
11882,0.9998251795768738
11883,0.9915584325790405
11884,0.020465005189180374
11885,8.738216820347589e-06
11886,0.9999421834945679
11887,0.00020110348123125732
11888,0.00011669702507788315
11889,0.00013843811757396907
11890,4.5520027924794704e-05
11891,7.969290891196579e-05
11892,0.9803285002708435
11893,0.0005478669190779328
11894,0.9993533492088318
11895,0.9996997117996216
11896,0.004480261355638504
11897,0.9999895095825195
11898,0.001699648448266089
11899,0.00023366569075733423
11900,3.1331239824794466e-07
11901,0.8528048396110535
11902,0.9816568493843079
11903,0.009420582093298435
11904,0.9999922513961792
11905,2.193200089095626e-05
11906,0.9999691247940063
11907,0.9999517202377319
11908,0.0012972047552466393
11909,0.0007004788494668901
11910,0.9999399185180664
11911,0.0009719775407575071
11912,0.9996316432952881
11913,0.06920477747917175
11914,3.1156956538325176e-05
11915,0.9999634027481079
11916,0.001432444667443633
11917,0.9931467175483704
11918,0.9998337030410767
11919,0.0001129003576352261
11920,0.9999970197677612
11921,0.9999641180038452
11922,0.9998804330825806
11923,0.9999949932098389
11924,7.15021524229087e-05
11925,0.2291615605354309
11926,0.9999246597290039
11927,0.9999599456787109
11928,0.8507717847824097
11929,0.9997068047523499
11930,0.013945871032774448
11931,0.00024327206483576447
11932,0.9999462366104126
11933,0.0003205983084626496
11934,0.9935917258262634
11935,0.999875545501709
11936,0.0012982552871108055
11937,6.70284725856618e-06
11938,0.9999781847000122
11939,0.0015087747015058994
11940,0.999919056892395
11941,0.9999963045120239
11942,5.663203410222195e-05
11943,1.3999500652062125e-06
11944,0.9992676377296448
11945,2.7241540010436438e-05
11946,0.9999672174453735
11947,0.0002447400474920869
11948,7.771997843519785e-06
11949,0.00043434719555079937
11950,0.0003223608946427703
11951,0.9997528195381165
11952,0.9996564388275146
11953,0.999998927116394
11954,0.9999996423721313
11955,0.999854564666748
11956,0.9720829129219055
11957,0.9033899307250977
11958,0.9999368190765381
11959,0.013523774221539497
11960,0.9989344477653503
11961,0.9957185387611389
11962,0.005373946391046047
11963,0.99554044008255
11964,0.9999974966049194
11965,0.21160255372524261
11966,0.05234313756227493
11967,0.9742642641067505
11968,0.003341017058119178
11969,0.999972939491272
11970,0.999347984790802
11971,0.0003685402334667742
11972,0.9983250498771667
11973,0.10413237661123276
11974,3.421590918151196e-06
11975,0.9759470224380493
11976,1.2377855455270037e-05
11977,0.9574687480926514
11978,0.998843789100647
11979,0.9985522627830505
11980,0.9999803304672241
11981,0.008078213781118393
11982,0.9996757507324219
11983,0.6416472792625427
11984,0.9998838901519775
11985,0.9994738698005676
11986,0.964975893497467
11987,0.9584817290306091
11988,0.01176236942410469
11989,0.05017036572098732
11990,0.9999992847442627
11991,4.514901229413226e-05
11992,0.01837952993810177
11993,0.00013380323071032763
11994,2.466149271640461e-05
11995,0.007744602393358946
11996,0.0001321674499195069
11997,0.9997881054878235
11998,0.9999899864196777
11999,0.9999992847442627
12000,0.07671205699443817
12001,0.9997422099113464
12002,0.0022334675304591656
12003,0.011835183948278427
12004,0.00020117250096518546
12005,0.999985933303833
12006,0.9999972581863403
12007,0.01023451704531908
12008,2.508424768166151e-05
12009,0.9999877214431763
12010,0.9996076226234436
12011,0.9991519451141357
12012,0.9995656609535217
12013,0.9999774694442749
12014,0.9990083575248718
12015,0.999997615814209
12016,0.0005465993890538812
12017,0.9999933242797852
12018,0.006994910072535276
12019,4.383436134958174e-06
12020,0.0437844954431057
12021,0.9999927282333374
12022,0.9998276233673096
12023,0.9981504082679749
12024,0.999976396560669
12025,5.099121335661039e-05
12026,0.3624115288257599
12027,8.53639212436974e-05
12028,0.9987066984176636
12029,0.000990186003036797
12030,0.8678244352340698
12031,0.006030009128153324
12032,0.004759322386234999
12033,0.9999688863754272
12034,1.1423422620282508e-05
12035,0.998134434223175
12036,0.0024246559478342533
12037,0.9988998174667358
12038,0.9998725652694702
12039,0.9999533891677856
12040,0.9998262524604797
12041,0.9833299517631531
12042,0.010868784971535206
12043,0.018586497753858566
12044,0.0028600022196769714
12045,0.03115764446556568
12046,0.9999608993530273
12047,0.0003207162953913212
12048,0.999971866607666
12049,0.0007282901206053793
12050,5.404138209996745e-05
12051,0.9934263229370117
12052,0.9999990463256836
12053,0.2705800235271454
12054,0.9616245627403259
12055,0.9998818635940552
12056,0.8388334512710571
12057,0.999922513961792
12058,0.03088192082941532
12059,0.021938564255833626
12060,0.836890697479248
12061,0.9999995231628418
12062,0.999996542930603
12063,0.0032851335126906633
12064,0.9999983310699463
12065,3.173898585373536e-05
12066,0.0010427931556478143
12067,0.001813905080780387
12068,0.00011926442675758153
12069,5.222640083957231e-06
12070,5.574733222601935e-06
12071,0.07594107836484909
12072,0.008486158214509487
12073,0.991399884223938
12074,0.9999736547470093
12075,0.9998099207878113
12076,0.9875608086585999
12077,0.00037467811489477754
12078,0.0032396214082837105
12079,0.9999998807907104
12080,0.9998966455459595
12081,7.66329321777448e-05
12082,0.9799894690513611
12083,6.282870344875846e-06
12084,0.0025982032530009747
12085,0.029442036524415016
12086,0.998773992061615
12087,0.9999829530715942
12088,0.8631207346916199
12089,0.013493819162249565
12090,0.9999905824661255
12091,0.2668050229549408
12092,0.9998761415481567
12093,6.062821194063872e-05
12094,0.9995179176330566
12095,0.96488356590271
12096,0.999991774559021
12097,0.0009533528354950249
12098,0.9999834299087524
12099,0.6978439092636108
12100,0.19420650601387024
12101,0.0004967196146026254
12102,0.0001245124585693702
12103,2.814960453179083e-06
12104,0.00015675141185056418
12105,0.00016498770855832845
12106,0.001158317900262773
12107,0.9992849230766296
12108,0.9972298741340637
12109,0.999852180480957
12110,0.0018087037606164813
12111,0.9999957084655762
12112,0.9979633092880249
12113,0.9999967813491821
12114,0.9993075132369995
12115,0.002156925154849887
12116,0.0010067563271149993
12117,0.9977612495422363
12118,0.00014962854038458318
12119,0.003425243776291609
12120,0.9999719858169556
12121,0.001031134044751525
12122,0.9991273283958435
12123,0.0009018978453241289
12124,2.661534381331876e-06
12125,0.2754365801811218
12126,0.9297451376914978
12127,9.893655078485608e-05
12128,1.7458400179748423e-05
12129,0.0009569692774675786
12130,0.002183766569942236
12131,0.9999617338180542
12132,0.2267601191997528
12133,0.943756639957428
12134,0.27437952160835266
12135,0.0530041940510273
12136,0.00013686933380085975
12137,0.0004133604234084487
12138,5.3525978728430346e-05
12139,0.9986284971237183
12140,0.07345575094223022
12141,0.14591281116008759
12142,0.00022289463959168643
12143,0.24284400045871735
12144,5.992305887048133e-06
12145,0.9999994039535522
12146,0.999994158744812
12147,0.982490062713623
12148,0.0029268863145262003
12149,0.9999977350234985
12150,0.6697602868080139
12151,2.34712479141308e-05
12152,6.596035746042617e-06
12153,0.9994737505912781
12154,6.509187642222969e-06
12155,0.897047221660614
12156,0.9998286962509155
12157,0.9998549222946167
12158,0.9998646974563599
12159,0.019801756367087364
12160,0.9977803826332092
12161,4.2873679717558844e-08
12162,0.0007936758920550346
12163,0.9999958276748657
12164,1.0231156011286657e-05
12165,0.9999983310699463
12166,0.20697446167469025
12167,0.9999843835830688
12168,0.3030327260494232
12169,1.7939395547728054e-05
12170,0.9999079704284668
12171,9.564626424207745e-08
12172,0.9999892711639404
12173,0.017387572675943375
12174,0.9953011274337769
12175,0.9999963045120239
12176,0.0004347485664766282
12177,0.9999899864196777
12178,0.9996005892753601
12179,0.9999982118606567
12180,0.9997625946998596
12181,7.942874071886763e-05
12182,0.9971299767494202
12183,0.4813050627708435
12184,0.9999269247055054
12185,0.9972471594810486
12186,0.9999923706054688
12187,0.03560534864664078
12188,0.999997615814209
12189,0.04065677896142006
12190,0.16384533047676086
12191,0.9999932050704956
12192,0.9999662637710571
12193,0.002039592480286956
12194,5.424577466328628e-06
12195,0.00045387313002720475
12196,0.9997748732566833
12197,0.0008559153648093343
12198,0.0018814480863511562
12199,0.999987006187439
12200,0.9999749660491943
12201,0.006005001720041037
12202,0.01142976712435484
12203,0.0036722400691360235
12204,0.00025720990379340947
12205,0.00017004497931338847
12206,0.999987006187439
12207,0.9971323013305664
12208,0.9999996423721313
12209,2.8598746212082915e-05
12210,0.00034609256545081735
12211,0.00039358853246085346
12212,3.553350688889623e-05
12213,0.9657882452011108
12214,0.001204409170895815
12215,7.867436579545029e-06
12216,1.3100869182380848e-05
12217,1.2079036423529033e-05
12218,0.0005946153542026877
12219,0.6780148148536682
12220,0.006229404825717211
12221,0.0025249861646443605
12222,0.9999741315841675
12223,0.0003625159151852131
12224,8.531947969458997e-05
12225,0.9152460694313049
12226,0.9999867677688599
12227,9.343964848085307e-06
12228,0.9986841082572937
12229,0.999330997467041
12230,0.9996347427368164
12231,2.563487214501947e-05
12232,0.9999489784240723
12233,0.9999507665634155
12234,0.9963571429252625
12235,0.9998565912246704
12236,0.0006222272641025484
12237,0.9925469756126404
12238,0.9999939203262329
12239,0.001654771389439702
12240,9.529864655632991e-06
12241,0.04500694200396538
12242,5.211863026488572e-06
12243,0.0001380134344799444
12244,0.02367459237575531
12245,0.0016944145318120718
12246,0.9999983310699463
12247,0.6533569693565369
12248,0.9999860525131226
12249,1.0
12250,0.0010697152465581894
12251,0.025516178458929062
12252,0.0026925120037049055
12253,0.9768280982971191
12254,0.9999984502792358
12255,0.3524070978164673
12256,0.9998766183853149
12257,0.00020059521193616092
12258,0.046698544174432755
12259,0.9668220281600952
12260,0.984102725982666
12261,1.970482799151796e-06
12262,0.9869741201400757
12263,0.9999983310699463
12264,0.9920955300331116
12265,0.00039202271727845073
12266,0.935917317867279
12267,0.7049227952957153
12268,0.9999970197677612
12269,0.999993085861206
12270,0.9782592058181763
12271,0.7757874131202698
12272,0.0003129999677184969
12273,0.9804213047027588
12274,0.7485625743865967
12275,0.999996542930603
12276,1.2560719369503204e-05
12277,0.9938862919807434
12278,0.9999977350234985
12279,0.9999701976776123
12280,0.011814177967607975
12281,0.9998912811279297
12282,0.9999945163726807
12283,0.0258383397012949
12284,0.999983549118042
12285,1.4846344811303425e-06
12286,0.0006062544416636229
12287,0.9999953508377075
12288,0.140152245759964
12289,0.477362722158432
12290,0.9999887943267822
12291,0.9999970197677612
12292,0.9994256496429443
12293,0.9999755620956421
12294,0.9940481185913086
12295,9.543274472889607e-07
12296,1.478041326663515e-06
12297,0.0007248347392305732
12298,0.9996737241744995
12299,7.151546128625341e-07
12300,0.9777131676673889
12301,0.00043258260120637715
12302,0.0008790218271315098
12303,0.9939010143280029
12304,0.9999960660934448
12305,0.7858782410621643
12306,0.0031963002402335405
12307,0.9996310472488403
12308,0.004357973113656044
12309,0.0010716082761064172
12310,0.0006264326511882246
12311,0.9999995231628418
12312,0.0001009791303658858
12313,0.9999959468841553
12314,0.9999982118606567
12315,0.9999909400939941
12316,0.9999895095825195
12317,0.12271284312009811
12318,0.9999674558639526
12319,7.26231428416213e-06
12320,0.9998272061347961
12321,0.999997615814209
12322,0.9995477795600891
12323,0.9999997615814209
12324,0.6529275178909302
12325,0.0014107883907854557
12326,0.002001271117478609
12327,0.0025194655172526836
12328,0.9999263286590576
12329,0.9986459612846375
12330,0.2616966664791107
12331,3.98341981053818e-05
12332,0.9993720650672913
12333,0.9999362230300903
12334,0.00045781253720633686
12335,0.0026869550347328186
12336,0.04125470668077469
12337,0.9912406802177429
12338,0.0034325614105910063
12339,3.9216370169015136e-06
12340,0.00016772646631579846
12341,0.9999992847442627
12342,0.9999980926513672
12343,1.9110284483758733e-05
12344,0.003633833257481456
12345,7.630005711689591e-05
12346,0.005093167070299387
12347,0.014670932665467262
12348,0.9996901750564575
12349,0.0020447419956326485
12350,0.9999618530273438
12351,9.903640602715313e-06
12352,0.9994122982025146
12353,0.0002339497150387615
12354,0.39008837938308716
12355,0.00028454858693294227
12356,9.604094520909712e-05
12357,0.9999850988388062
12358,1.0121762898052111e-05
12359,0.9996926784515381
12360,0.9990369081497192
12361,0.9999654293060303
12362,0.9998447895050049
12363,4.9663500249153e-05
12364,0.9999490976333618
12365,0.9999657869338989
12366,0.9999997615814209
12367,0.999859094619751
12368,0.00046091448166407645
12369,0.9998652935028076
12370,0.33817100524902344
12371,0.9999997615814209
12372,0.5163923501968384
12373,0.00046783441212028265
12374,0.0007884736987762153
12375,0.9998527765274048
12376,0.9979561567306519
12377,0.9999995231628418
12378,0.9996151924133301
12379,0.9999988079071045
12380,0.9999966621398926
12381,0.9998102784156799
12382,0.9999905824661255
12383,0.9734379053115845
12384,1.8056367480312474e-05
12385,0.9999589920043945
12386,0.9997660517692566
12387,4.811672624782659e-06
12388,0.06300287693738937
12389,2.3222795789479278e-05
12390,0.019524214789271355
12391,0.9903263449668884
12392,0.9987978935241699
12393,0.9972121119499207
12394,2.2578230982617242e-06
12395,6.204871169757098e-05
12396,0.0012325423303991556
12397,0.00017717709124553949
12398,0.00969969667494297
12399,9.77954641712131e-06
12400,0.9999656677246094
12401,0.9833776950836182
12402,0.2740975320339203
12403,0.9995624423027039
12404,0.0003689195727929473
12405,0.00023143163707572967
12406,0.04996497184038162
12407,0.9995914101600647
12408,0.00013220954861026257
12409,0.9999425411224365
12410,1.724449248285964e-05
12411,0.9998434782028198
12412,0.9976551532745361
12413,0.18074893951416016
12414,0.09882058948278427
12415,0.06607209146022797
12416,0.998796820640564
12417,0.00011471909965621307
12418,2.436047543596942e-05
12419,0.00040776102105155587
12420,0.0002737433242145926
12421,0.9990853071212769
12422,0.9999852180480957
12423,0.00232360465452075
12424,0.00033755789627321064
12425,0.9998680353164673
12426,5.134982711751945e-05
12427,0.9997968077659607
12428,0.0003630497376434505
12429,0.004797923378646374
12430,0.9998408555984497
12431,0.5425039529800415
12432,0.9999860525131226
12433,0.9978244304656982
12434,0.9378085136413574
12435,0.9999978542327881
12436,0.9993687272071838
12437,0.9997768998146057
12438,0.9999934434890747
12439,0.9960261583328247
12440,0.9942824840545654
12441,2.3516070086770924e-06
12442,0.005495632532984018
12443,0.9999089241027832
12444,0.9999951124191284
12445,0.0005924877477809787
12446,6.518711597891524e-05
12447,0.9970179796218872
12448,0.9992902278900146
12449,7.509287388529629e-05
12450,0.0035788333043456078
12451,0.0004126432759221643
12452,0.9999949932098389
12453,0.5344513058662415
12454,0.027906890958547592
12455,1.114141741709318e-05
12456,0.9980046153068542
12457,1.1647326573438477e-05
12458,0.008934305980801582
12459,0.9999814033508301
12460,0.9864028096199036
12461,0.9999829530715942
12462,3.285682851128513e-06
12463,0.9996993541717529
12464,0.9999183416366577
12465,0.00036182731855660677
12466,0.19427764415740967
12467,0.04978375881910324
12468,8.10909696156159e-05
12469,0.0003711746248882264
12470,0.9998693466186523
12471,0.9999850988388062
12472,0.9999396800994873
12473,0.001680827932432294
12474,0.0001480300270486623
12475,0.0024790402967482805
12476,0.9997332692146301
12477,0.9999780654907227
12478,0.9153352379798889
12479,0.0006613106816075742
12480,9.849177149590105e-05
12481,0.3205576539039612
12482,0.002088413340970874
12483,1.2920340850541834e-05
12484,0.9972217082977295
12485,9.337481060356367e-06
12486,0.9999924898147583
12487,0.9999595880508423
12488,0.9998001456260681
12489,0.9992722868919373
12490,0.9977637529373169
12491,0.9975038170814514
12492,0.9999040365219116
12493,0.9968928098678589
12494,1.0
12495,4.237455505062826e-05
12496,1.9020118998014368e-05
12497,7.148462464101613e-05
12498,0.9999926090240479
12499,0.9999978542327881
12500,0.00811297819018364
